segment_id,year_month,total_amt,txn_cnt,avg_ticket,ratio_종합소매점,ratio_연료판매,ratio_일반병원,ratio_한식,ratio_음/식료품소매,ratio_제조/도매,ratio_의약/의료품,ratio_차량관리/서비스,ratio_특화병원,ratio_의복/의류,ratio_차량판매,ratio_고기요리
과천시_M_4,202501,3644380264.0,196856.0,18512.924493030438,0.32496132786190274,0.10180232363774386,0.10426859747226071,0.189811615697848,0.02619791770218568,0.0648451851747618,0.02995963504046161,0.030389417157231847,0.033876242053571856,0.05219463984762515,0.00215127642123432,0.03954182193317247
과천시_F_4,202501,3523190165.0,145174.0,24268.74071803491,0.3211429438497128,0.0556833732287232,0.15822976413778458,0.17782615458881756,0.02737707846672462,0.02729108938518335,0.043886640480378915,0.02363599426516554,0.07084994005157551,0.06364995620533304,0.0024901120641761245,0.02793695327642475
과천시_M_6,202501,5442183254.0,220491.0,24682.110625830534,0.3737059036304353,0.12318821775983341,0.06838964694253302,0.16273390356178746,0.03644293991320021,0.01331300714225812,0.04263715758039914,0.05209370827799369,0.0417350597040024,0.032576731408453505,0.004152032807433452,0.04903169127167026
과천시_F_5,202501,4790739680.0,178917.0,26776.32466450924,0.38105268277079757,0.06658541293588374,0.12478506324533441,0.15869866744865652,0.04205228732109026,0.013530319352532256,0.036628896620878246,0.015924639261875793,0.06666290653634661,0.06525634990764544,0.0010762863960448058,0.02774648820291437
과천시_M_7,202501,3762061149.0,148242.0,25377.835896709435,0.4130769664189182,0.13791965081366933,0.06325866011104307,0.1250787158044121,0.048146136499730756,0.012220170220274695,0.04068080812493817,0.03198402056242411,0.046449335727422984,0.021612460776440346,0.00867236997997871,0.05090070496074747
과천시_F_2,202501,38853477.0,5067.0,7667.944937833037,0.2898932737145136,0.005174432885152563,0.07554710859416475,0.299001474302703,0.01048327671461915,0.020804838527615232,0.03271935316703151,0.011395018004518028,0.011093675548851163,0.21549282033563222,0.0,0.028394728205198786
과천시_F_10,202501,38501014.0,1209.0,31845.338296112488,0.6480341579791121,0.01969652811305615,0.05768276502491006,0.04467542824097299,0.05047855791228884,0.0033925403037172765,0.04825911247325798,0.052832846704563834,0.003151260758154487,0.02405460968440007,0.0,0.04774219280556616
과천시_F_11,202501,941895.0,38.0,24786.71052631579,0.9589816274637831,0.0,0.0,0.0,0.0,0.0,0.04101837253621688,0.0,0.0,0.0,0.0,0.0
수원시_M_4,202501,104977076824.0,3489390.0,30084.64998867997,0.3392855233695131,0.1225088611255001,0.12013558261169316,0.13235396721101536,0.04707029969204652,0.013629732637403824,0.03678737975368739,0.0685229491682311,0.03378368172279923,0.02811194838509037,0.008939414396793037,0.0488706599262268
수원시_F_7,202501,62840340866.0,1670888.0,37608.94857465012,0.32101416814347494,0.056963358780666405,0.17369152945567556,0.0863006977171541,0.15145478359098014,0.010434530253449967,0.05746748142139461,0.04012599916241102,0.05034061265823759,0.03251028033798399,0.0015423614874650285,0.018154196991106666
수원시_F_6,202501,106224046261.0,2765332.0,38412.76427604353,0.32878833801756696,0.0695369993450423,0.18349841706335618,0.09665406107461809,0.10101894576227638,0.01168973867930261,0.05044785518599478,0.048783730531671565,0.060059164048502395,0.02688247212471456,0.0018525273263697419,0.020787750840584415
수원시_F_4,202501,83738436421.0,2358690.0,35502.094985352036,0.3259714018028417,0.06463941793187238,0.21548918486829283,0.09606861973284646,0.045734097733787685,0.013819695293483345,0.04950234739967261,0.06574874021250711,0.05409610636637586,0.032094752720064845,0.011131879694044696,0.025703756244210493
수원시_M_3,202501,45733564434.0,2490896.0,18360.28659325801,0.33547698521888963,0.08833113615165114,0.08749051512224286,0.19577533166644817,0.03306596067689381,0.012073037616669766,0.030033721403265854,0.05930335570268477,0.039071014296574225,0.047834574647570446,0.006967151966366402,0.06457721553074296
수원시_F_2,202501,715406102.0,74034.0,9663.210173703974,0.34806170706422473,0.0098932782707723,0.055095999169295244,0.24229604410906064,0.044976762396310856,0.014586307330118325,0.05729299875904966,0.07837047729775828,0.01838988310554206,0.09526865979065559,6.257521878346013e-06,0.035761625185333976
수원시_F_1,202501,17114.0,6.0,2852.3333333333335,1.0,0.0,0.0,0.0,0.0,0.0,0.0,0.0,0.0,0.0,0.0,0.0
안양시_F_5,202501,52167686250.0,1384519.0,37679.28518857452,0.3574146427704945,0.03871812782835538,0.17077230801954033,0.07992324847208003,0.0782230360301575,0.02582989840556439,0.051393420910958776,0.052478320404004866,0.07386545323654439,0.048214250227116874,0.0012132221130689968,0.021954071582113977
안양시_M_7,202501,38384421072.0,1078330.0,35596.17285246631,0.2574302497108642,0.08943479770297053,0.15420942181098535,0.09822667953431959,0.12859798035974046,0.030350823663255276,0.06640712492749425,0.05649243282042084,0.05557557616018378,0.029082694798337538,0.002497185883410168,0.031695032628018024
안양시_F_3,202501,11221633103.0,559594.0,20053.169088660707,0.3173806668256343,0.031779548453349994,0.16258123343750705,0.14085200289656857,0.03967639444052605,0.01493054794152725,0.05821998290086376,0.03888069871644364,0.07679985719768607,0.07095725354386603,0.0006632949611657707,0.047278518684861486
안양시_F_6,202501,55923606244.0,1506763.0,37115.06470758839,0.3989767202265105,0.038053044891012716,0.16013907112647727,0.07495918513565614,0.09264676818100108,0.026371158461194637,0.04549301732446407,0.043796664332469266,0.059852172629187586,0.03983432863959709,0.0007596957700677153,0.019118173282361914
안양시_M_3,202501,15111407775.0,1075741.0,14047.44057816891,0.3321019352750037,0.065110784259908,0.0928781596174334,0.17431097194323297,0.043649727860942115,0.01874652009364058,0.032443883418962836,0.06717465371682049,0.043046076705787466,0.056119328329494705,0.0014427601050988603,0.07297519867367486
안양시_M_8,202501,11899268695.0,348846.0,34110.37734415759,0.25883087309950686,0.06838336235964099,0.20285330229803397,0.08734248428818815,0.10931790903883412,0.029046474875169714,0.0878144415466951,0.04313043533987752,0.062089350170459655,0.024536300359840068,0.0017347320253500742,0.024920334598403777
안양시_M_4,202501,38080707548.0,1578268.0,24128.162991329737,0.3242113521267914,0.09415526904826915,0.12372347524318804,0.11851362807069528,0.0657734517511195,0.022637635652183897,0.04036129073973313,0.07855013545625568,0.041046726415169314,0.03828946963477296,0.002129410595072017,0.05060815526674961
안양시_M_2,202501,305883584.0,43314.0,7062.0026781179295,0.4437345652748204,0.01049952777489818,0.04972329916456866,0.19975204543289335,0.01747300291498376,0.04014589811343153,0.036295871571932425,0.001905754098335036,0.017480204037525388,0.10954526872306417,0.0,0.07344456289354709
안양시_F_2,202501,291249555.0,34294.0,8492.726278649327,0.4084076384612684,0.010494809896220649,0.05911273946722874,0.21067849015003418,0.02320079321276279,0.01506074849082575,0.06475321801594519,0.0024773939767686348,0.029170924926809432,0.1285258032831764,0.0,0.04811744011895984
안양시_F_9,202501,2773578872.0,72667.0,38168.34150302063,0.33088884323049683,0.015028111197938452,0.22253730177106099,0.06542291456413983,0.12168652511943143,0.015989926906463465,0.12332684815802639,0.012044832282448252,0.04612994069060772,0.032083352066310064,0.0006270249606980501,0.014234379052378534
안양시_M_10,202501,169273534.0,4623.0,36615.51676400605,0.3125705142753512,0.01641222045893659,0.2634492781940659,0.0724776350822939,0.12066188228804207,0.005132968972123744,0.1360226794154182,0.0003502617636575309,0.04336827931675461,0.008575318045405445,0.0,0.02097896218795077
안양시_M_11,202501,1408353.0,56.0,25149.160714285714,0.7669488697826667,0.0,0.01663189615206305,0.13869835349320744,0.00707527289585704,0.0,0.07064560767620573,0.0,0.0,0.0,0.0,0.0
이천시_M_5,202501,34059273711.0,923371.0,36885.79532062411,0.43787786409639584,0.2507669935934769,0.03468619891124963,0.07332331670419204,0.07427680609451391,0.015206670928634976,0.020507318519231356,0.029706883576931697,0.017580408902348542,0.017639008796362172,0.0017972204157443688,0.026631309460918576
이천시_F_7,202501,10937237438.0,241504.0,45288.01774711806,0.4148770976025842,0.1419957335710734,0.05544086149724059,0.06317989198637418,0.18374589663141155,0.01471913423412234,0.03624019859637214,0.018887558579507066,0.028895443637224787,0.0255879693731992,0.0010626983796023374,0.01536751591128825
이천시_F_4,202501,16045058540.0,427578.0,37525.453928873794,0.5003126434573183,0.13455851147595724,0.09024142421766569,0.07336542083733964,0.07931652840610773,0.009241345165855425,0.03083937778261003,0.01668476642614767,0.020861696585077326,0.022078042881745228,0.0013490488227003688,0.021151193941475365
이천시_M_6,202501,32313931613.0,771467.0,41886.34330826853,0.34106115180120505,0.3066422933240117,0.03337030402888141,0.07453709830670711,0.09588528593495485,0.02317327670566568,0.022486476080515908,0.042914186088178714,0.02191310393753573,0.01267357505588954,0.00234643102530559,0.022996817711148684
이천시_F_6,202501,18677836573.0,446395.0,41841.50040435041,0.4524570720781719,0.14790631607551571,0.05824937677067171,0.06961531350579869,0.1367759692198306,0.013767454035915356,0.02741402581042438,0.024792352414894425,0.025116529380670407,0.02395704998039197,0.0015744280992125049,0.018374112628502352
이천시_M_7,202501,17743423402.0,396050.0,44800.968064638306,0.2803730583541074,0.3162795421266273,0.03757449227378681,0.06909710188242904,0.1469244457217364,0.02137680844427395,0.028658400150265644,0.04446361368488375,0.02266615245953811,0.008865648875562746,0.00350187628557641,0.02021885974121239
이천시_F_9,202501,573466091.0,12489.0,45917.69485146929,0.3087678417640104,0.13785980900681508,0.05844983277549067,0.0866785494772006,0.21633195434850047,0.009538445089800424,0.10141932850757673,0.013660088304667266,0.025305638086273053,0.022624727816427145,0.0038087994173412053,0.015554985405896917
이천시_M_8,202501,4586933972.0,101255.0,45300.814498049476,0.27452476104852486,0.2584429427614361,0.05060654236460282,0.06919335722969402,0.1850296100158312,0.01668814100336381,0.05062953676983458,0.036126268700394426,0.02992298298950151,0.008953080955136567,0.0012440710576563476,0.018638705104023726
이천시_F_2,202501,60020485.0,6792.0,8836.938309776207,0.39194377672713276,0.06493935570251318,0.10959700080537545,0.11490464173854306,0.0358452502154103,0.016842839256333165,0.061351896823525175,0.0033123595060497893,0.050434014259063915,0.1263112039049585,0.0,0.024517661061094712
이천시_F_10,202501,34400716.0,556.0,61871.79136690647,0.24586233773671257,0.19736807940739534,0.03904717046605544,0.1554895671506841,0.19523985628472823,0.004864925989935272,0.08976738480623045,0.0,0.0008078281434803731,0.0,0.0,0.07155285001477824
이천시_M_10,202501,24471739.0,615.0,39791.44552845528,0.4501283083164366,0.22483762063752735,0.026600249195862187,0.052425609920154576,0.09903079161374705,0.016940796947622617,0.06004999109372676,0.0017760857281949238,0.002866098508011578,0.04769847561368897,0.0,0.017645972425027405
포천시_F_4,202501,6687863391.0,177917.0,37589.794066896364,0.3363746024671866,0.21028399797347838,0.04219060235344157,0.12102319374800544,0.08224004906431935,0.04684867682443248,0.028065570917916845,0.03931685459781042,0.016692816157495228,0.02708164854004404,0.0013612839264205323,0.04852070342944912
포천시_F_5,202501,9082365233.0,237015.0,38319.790869776174,0.3246373992602055,0.22661054246298462,0.04651482901118712,0.11266546754286284,0.08088599505546155,0.030874525511063795,0.028896201107374342,0.04464917643534967,0.01985184265032752,0.033981225050379926,0.0012143683025320569,0.049218427610270996
포천시_M_7,202501,16725526033.0,340564.0,49111.256718267345,0.19127573888397076,0.3631670535874401,0.038929030531300694,0.09620929642183759,0.09190273082373733,0.04632592101275998,0.027547704457005686,0.06329682487620483,0.015011568686093834,0.019601878318042734,0.0017659029883029013,0.04496634941330354
포천시_M_3,202501,6760571710.0,353045.0,19149.320086674503,0.3898361058367761,0.2056721455443976,0.0253579290773659,0.11378499576777522,0.06325088893922273,0.03306027158569864,0.016660752635288743,0.03811213063659251,0.011152671898431523,0.0385211505374846,0.0014991773956617024,0.06309178014530474
포천시_M_8,202501,4376471278.0,95114.0,46012.90323191118,0.19065541005436362,0.32882440263692114,0.05589487718622067,0.09385805027646839,0.1208797361056769,0.029989138275055602,0.04401100665463086,0.0413387226809279,0.024507877251780975,0.018105940925235764,0.0009024367672706518,0.051032401185447475
포천시_F_2,202501,32127307.0,2933.0,10953.73576542789,0.41053382861267823,0.03869386565566836,0.024892048512817757,0.2257661852870231,0.09426492887986139,0.02092334057299946,0.04085010687897936,0.0,0.0022796511232159905,0.098035937878059,0.0,0.04376010659869732
포천시_M_2,202501,51477939.0,4529.0,11366.292559063811,0.35671947501402385,0.06314136212871224,0.19931805564558738,0.10759833256620177,0.040776404747065675,0.0016716346131212454,0.012713512753999918,0.0034972146062333576,0.00026486862132514707,0.1500689331994384,0.0,0.06423020610429102
포천시_F_9,202501,462667098.0,9572.0,48335.46782281655,0.24602312904700363,0.23373447425371605,0.094565061004485,0.11006722881957803,0.10868384030841298,0.03739116675348795,0.059634729527397685,0.01970521849169215,0.010470216578163105,0.032311056106501305,0.0,0.04741387910956213
하남시_M_6,202501,40043263189.0,980073.0,40857.42918027534,0.42139115200268895,0.19398039446643284,0.059451476767877647,0.0916101750253569,0.03986452266842374,0.026302026794411522,0.03487654914931036,0.04617448762840346,0.033438950036650844,0.02113110562155705,0.0034875054183939125,0.02829165442049278
하남시_M_7,202501,23616820466.0,563717.0,41894.81684249366,0.3697876372384393,0.22558940667697305,0.06275965979346886,0.10259448404901471,0.053124257441941915,0.02225210061237351,0.03346326870267911,0.05044669682392132,0.03162067834445967,0.015466524325987,0.003366909399685037,0.02952837659105649
하남시_M_5,202501,52225829284.0,1318587.0,39607.42012775797,0.47605749649849144,0.15635062370626937,0.061240724202324744,0.08374369779904933,0.04072226482817358,0.022401925813392752,0.03693071961860176,0.03546241277550817,0.03394007039039143,0.024794866240827357,0.0019165959828749747,0.02643860214409511
하남시_M_9,202501,1636663514.0,40883.0,40032.86241224959,0.41242359687139357,0.12379573564354254,0.10717206822154857,0.11050543419613258,0.06955293496586029,0.005557595900537973,0.06536857350163149,0.028281299683065253,0.032058772875452314,0.01142536035666921,0.0010473283154007744,0.03281129946876542
하남시_F_6,202501,31997457801.0,766989.0,41718.27470928527,0.49172481067283497,0.10250509146123403,0.1011647802168297,0.08616586209491586,0.05242731427428524,0.023458808214104544,0.0312809209325084,0.022745052421736182,0.038331673064074694,0.0282449308597599,0.001570162560784055,0.02038059322693238
하남시_F_7,202501,21985683260.0,518105.0,42434.80232771349,0.47219057231211664,0.09284930654560877,0.10369643054153913,0.0856671117078088,0.08116884753934217,0.02565605311372694,0.03407750100186298,0.02335557533666353,0.033171155200855895,0.024789752000076513,0.0022352070100575,0.02114248769034113
하남시_M_4,202501,34118436141.0,1007835.0,33853.196347616424,0.49927191218519845,0.15206335265480098,0.06285392349572044,0.08986341196528988,0.03778937243773711,0.022654122716497485,0.023071537850885313,0.035853279013613924,0.02099554266993196,0.02682879681588377,0.002965237423163356,0.02578951077127731
하남시_M_3,202501,10386386670.0,518274.0,20040.33902916218,0.476531077142023,0.1427211861708348,0.053265283789842216,0.11768336325965012,0.029609738025884704,0.028963560584022118,0.022029346808438988,0.038347482896973165,0.02283691213168071,0.028707569520128658,0.0005629726914724614,0.038741506979049094
하남시_F_3,202501,9002952750.0,363220.0,24786.50060569352,0.4532416194724387,0.06677775573739092,0.1336784554018158,0.12152961639453075,0.020841401901678814,0.026207875184705402,0.04506191440126901,0.02213403777971132,0.04214674166208811,0.03771669895886681,0.00046127432600778816,0.030202608779496574
하남시_M_10,202501,81859878.0,1712.0,47815.34929906542,0.5596851079905986,0.08487396352970793,0.050781160282769945,0.10108041764061086,0.07003578778261058,0.0013383560390528217,0.05952052572937135,0.0019524364276617661,0.010134363555753041,0.014778899602811932,0.0,0.045818981419051184
하남시_F_10,202501,110449422.0,2435.0,45359.105544147846,0.6170086385973199,0.07216005873671069,0.08371244803921295,0.07100282700652626,0.028902522497003473,0.0001125406934477592,0.05671688622506297,0.013126043522704406,0.018845944749062177,0.016109254639052467,0.0,0.02230283529389691
광명시_F_6,202501,29289236080.0,779948.0,37552.806187079135,0.2532465042763409,0.049005482150094336,0.1475885389366953,0.06980721036580717,0.1479147358750905,0.05098500932979732,0.05316864347132565,0.03452208456463681,0.051246974475506066,0.022634562941683815,0.10030581608244012,0.019574437530582058
광명시_F_5,202501,32504940545.0,783042.0,41511.1073799362,0.20995532098242453,0.04134042557524659,0.15037408287572862,0.05003763246186398,0.1451355597050107,0.07341261385953445,0.04205654599423488,0.033117172619991087,0.05107571432837339,0.01893161983457348,0.1670821550549044,0.0174811567081139
광명시_M_6,202501,38216475673.0,881146.0,43371.33196201311,0.176325699765612,0.10077358956023355,0.08836196906001259,0.0728799703003518,0.10696948505498444,0.10511131021259815,0.042846525604644865,0.047196298695872094,0.03548941281979434,0.013014607590297031,0.1833417103371333,0.027689420998465827
광명시_M_9,202501,1239282118.0,39276.0,31553.16524085956,0.20420153310937397,0.04865119585636441,0.16572084071988852,0.08972064506596533,0.14149978971863517,0.003828268161509043,0.15791124053871475,0.06976227319366107,0.07443974530948717,0.02177059271383328,0.001963015495547442,0.020530860117019833
광명시_F_8,202501,6605924984.0,207413.0,31849.136669350522,0.2607783548026669,0.025526918138893306,0.16366945903681096,0.07451049337078826,0.2011071235405324,0.0057143570082642155,0.10849449575690508,0.04018799641623572,0.06001413392603551,0.043867486066220145,0.0010545778349449878,0.015074604101702456
광명시_M_3,202501,7255112501.0,432062.0,16791.83196161662,0.29158639263812963,0.08523270859043396,0.09312708457188544,0.14304179420724594,0.13386434102141018,0.045482850311341035,0.03662934912502477,0.03618053921177297,0.03438523755264897,0.0258876150027742,0.004495197269716025,0.07008689049761686
광명시_F_11,202501,332085.0,42.0,7906.785714285715,0.5089405538554953,0.0,0.02206245105378822,0.0,0.159439589593561,0.0,0.3095574054971555,0.0,0.0,0.0,0.0,0.0
시흥시_F_7,202501,24947032959.0,699479.0,35665.16358461083,0.24887942281492445,0.12214104204914814,0.12207086510468405,0.08535202637936232,0.18331338243387926,0.07288672379016686,0.045941612798173964,0.02107279236907415,0.03481978366843703,0.03511895858058101,0.002568367875775395,0.025835022135793365
시흥시_M_4,202501,43088786849.0,1698625.0,25366.862520568106,0.3439181106885623,0.21791413498251883,0.06993547617324243,0.10103209579916078,0.06225614173565388,0.04995629823203766,0.027702470306514588,0.039249595983514136,0.020693478730268673,0.027082808279820753,0.004307860390807671,0.03595152869789824
시흥시_M_6,202501,65057285018.0,1870885.0,34773.534994401045,0.2511339567535509,0.2360396564887394,0.08078805701729806,0.09617433915568963,0.08732127300020472,0.06916710679510392,0.03608453787794878,0.05307551525359203,0.028746622430747517,0.022057520028979184,0.00427204461942574,0.035139370578720165
시흥시_F_3,202501,8980473816.0,418623.0,21452.41378519575,0.3466082661248592,0.13279385477657246,0.10439166645220697,0.12958637076828297,0.05821062659255555,0.026985571651896783,0.05211525483942199,0.017817325307747177,0.04067720554555395,0.046916638410945684,0.0018814638869656991,0.042015755642991606
시흥시_F_8,202501,6256211705.0,178730.0,35003.70226039277,0.24268369077499505,0.08063955677287818,0.13539032857236563,0.08977343256693089,0.20597206132381576,0.0752770759452715,0.06150158587146619,0.012225506985427542,0.03575795758430672,0.029714293183931095,0.002680809074815979,0.028383701343795472
시흥시_M_5,202501,66343706124.0,2155876.0,30773.433223432145,0.2993079034280227,0.2268749862526438,0.08219557711474933,0.09782661224187557,0.075992692327977,0.041983037170414884,0.03425079652001857,0.04265917766276746,0.03202126728814211,0.02676590957241989,0.003574444852331226,0.036547595568637466
시흥시_M_8,202501,7742589936.0,223340.0,34667.278302140236,0.1930286266666329,0.25165614414679527,0.10691242739730407,0.0831716427519088,0.1364520960133719,0.04464009417049211,0.05674940585113307,0.043199218538607226,0.03598341973912051,0.015300374087798536,0.00351783509648321,0.0293887155403524
시흥시_M_3,202501,15634903768.0,902286.0,17328.10191890376,0.39528280486805806,0.18084970929193933,0.05606196318089815,0.13022386610806633,0.04956394876345886,0.024797465159505983,0.026001622995098464,0.032066258957146467,0.02512178328793268,0.032824968587944696,0.0022975387391976606,0.0449080700607533
시흥시_M_2,202501,217169783.0,25372.0,8559.427045562037,0.5713553970051445,0.034296689857133814,0.036573184712478855,0.14319115042118694,0.044740793011721604,0.013337501283981625,0.03332127335490906,0.0034553846372769306,0.020080165057792913,0.053880837604135735,0.006759114133056249,0.03900850892118179
시흥시_M_11,202501,269551.0,17.0,15855.941176470587,0.49051018122681106,0.0,0.13820370244135205,0.1803406401854142,0.0,0.0,0.19094547614642268,0.0,0.0,0.0,0.0,0.0
시흥시_F_11,202501,449897.0,4.0,112474.25,0.0,0.0,0.0,0.0,0.23826787020140167,0.7617321297985984,0.0,0.0,0.0,0.0,0.0,0.0
안산시_M_6,202501,75635433436.0,2070723.0,36526.09906588182,0.29641124663717155,0.19258203264344664,0.10526406385185541,0.08209805959682916,0.0684770920723846,0.04364385649898306,0.03842292389638535,0.06132344632612144,0.03875917005158089,0.03786368696183347,0.0034996563222716853,0.03165476514113674
안산시_M_4,202501,49344037703.0,1905123.0,25900.70966703987,0.36271082818071415,0.19169858619180108,0.08652353822406011,0.09559254185583722,0.05035146062694514,0.02757311412537965,0.028204038683082838,0.04764744074559969,0.021880466348337686,0.04622167322713935,0.005306217278456866,0.03629009451264618
안산시_F_6,202501,60924549605.0,1635691.0,37246.97978102221,0.35900311820475217,0.09658227019339942,0.15228656629751422,0.06657513667894696,0.09209959192341138,0.02944589064024141,0.043533207734871716,0.030506825568409106,0.04141350472540742,0.06585139760354139,0.001487596320038524,0.021214894109466264
안산시_M_7,202501,45523303722.0,1226452.0,37117.884533597724,0.27628491551638823,0.1963818256525357,0.12083854915816404,0.0789818078892348,0.08979134211230606,0.03562380193264638,0.052772333722753445,0.05505999431240992,0.03690544269750853,0.0274258319693119,0.003970882521731416,0.025963272515009603
안산시_F_7,202501,37573615590.0,969492.0,38755.983123120146,0.3604537999950184,0.08165431472516965,0.16435572529109096,0.0558452673448777,0.11796642885691912,0.023230491274262542,0.06306291720617191,0.022349303648644427,0.03653801816793944,0.05582638651321821,0.0029078897852580217,0.015809457191429635
안산시_F_5,202501,49450156464.0,1373606.0,36000.247861468284,0.3615841708039682,0.10357712687667175,0.15048401985210508,0.06591704649030461,0.0685415502506335,0.021881760321687867,0.04217712249635841,0.02907123795119682,0.049093938110421384,0.0833894221544354,0.0012278956092065354,0.023054709083010414
안산시_M_11,202501,11027.0,2.0,5513.5,0.0,0.0,0.0,0.0,0.0,0.0,0.0,0.0,0.0,0.0,0.0,0.0
용인시_F_4,202501,60789311181.0,1794024.0,33884.33553898944,0.39505990389699125,0.1446929882435897,0.1005127855820802,0.07020469708022889,0.045013088165867444,0.0812821484602145,0.03273620855936605,0.024714977549378483,0.0316459333803959,0.05087404927092426,0.0027648777424600594,0.020498342068503247
용인시_F_5,202501,105618057484.0,2814995.0,37519.8028714083,0.4040506474632004,0.12477195405138702,0.10233583793204815,0.06728603675551063,0.05952356997877986,0.06538128705034356,0.03705460993461016,0.023323196239562454,0.04145850663753793,0.052646725616052874,0.004147503606326707,0.01802012473464022
용인시_M_2,202501,723003421.0,97029.0,7451.415772604067,0.4865256783684338,0.02451960379652046,0.05278167236744388,0.16773486276446822,0.039341313132784016,0.03507442539374409,0.027672668601619085,0.032326090427475175,0.020340969320699228,0.05363200483295668,0.0,0.060050710993855325
용인시_M_4,202501,80465383507.0,2616994.0,30747.25563260749,0.34983929259811314,0.23653083692706958,0.053301980095079686,0.08023857795273417,0.03673349979983561,0.09031768892585468,0.02111431944648411,0.036621885198473224,0.016940376114836182,0.03144023707212693,0.020022014692417992,0.026899291176974663
용인시_M_5,202501,137114103914.0,3725404.0,36805.1636584918,0.35317031691701933,0.2368867225873311,0.07128218836565284,0.07602168133703016,0.04439885388203218,0.05772395264687572,0.026786121287906885,0.0375312680870758,0.02755430800292301,0.03500451718558231,0.008544970363201591,0.025095099337369045
용인시_M_6,202501,128807839652.0,3418019.0,37684.939624969906,0.311767132435254,0.24926034158318508,0.0764670639476131,0.08373543314863181,0.05693126047409766,0.04963883808040722,0.033394522251549506,0.045836827251830595,0.028657127574909593,0.03283196739846574,0.006748441773392002,0.024731044080663702
용인시_M_9,202501,8281011098.0,232683.0,35589.23985851996,0.3571951944095322,0.08716760537479461,0.13208001249931475,0.0930562323684797,0.09477067249987123,0.02759916932313826,0.09056500126805438,0.027095052680462615,0.04124702688249602,0.023186273982057966,0.0025236256105181315,0.02351413310128015
용인시_F_9,202501,7635361529.0,197145.0,38729.6737376043,0.3937700845944032,0.04490986364414968,0.12205659965358898,0.07795283989794737,0.11845573412650014,0.06994611244402983,0.08199760252556801,0.011256567735267307,0.035554594479884,0.027481727722592664,0.0013331292004464333,0.015285143975622412
용인시_F_10,202501,461229073.0,9945.0,46377.98622423328,0.37647109854161537,0.0595521935869014,0.20437950785766607,0.08840861885336723,0.08506970104637872,0.026622127002723997,0.05580726595028726,0.05211987182690983,0.026486446557841607,0.011780251662313437,0.0,0.013302917113995083
용인시_M_10,202501,538158642.0,13201.0,40766.50571926369,0.32832206485098997,0.04417018932870363,0.2182750941192933,0.10201554565672688,0.09209915109746336,0.009955703538197396,0.10121800465374134,0.018051039435896064,0.03722306440796188,0.024892933130614407,0.0,0.023777209780411777
용인시_F_11,202501,10105556.0,239.0,42282.66108786611,0.46517448814293044,0.036347049466407065,0.35715834576978966,0.07406295403422508,0.004966187992559167,0.0,0.015087713675108848,0.0,0.018550624908082514,0.0,0.0,0.028652636010897202
용인시_M_11,202501,1077030.0,112.0,9616.339285714286,0.06775176028782881,0.0,0.0,0.05982305255247811,0.0,0.0,0.0,0.8724251871596931,0.0,0.0,0.0,0.0
화성시_F_5,202501,84873572646.0,2197954.0,38614.8084291118,0.31015317475145604,0.09339375399786001,0.1289317296642177,0.058813592132383616,0.052539438133630996,0.09570548873001414,0.04291827656465588,0.015352942552000358,0.05752654066355295,0.0456980352897099,0.07910490778987675,0.019862119730641666
화성시_M_3,202501,30899702509.0,1565983.0,19731.825000015964,0.3840127083656648,0.1219311158487615,0.057396548379836584,0.09668610516077462,0.03495224664809792,0.0646432399752803,0.02221755298233866,0.018378885457658686,0.025666907476925887,0.03609337156059366,0.09253686252392644,0.04548445562014091
화성시_F_3,202501,17629749693.0,711298.0,24785.321613444718,0.31144648438538935,0.08227964307265145,0.1140718227868473,0.0964756275163184,0.038542811107121905,0.04343590687158307,0.04260552858706439,0.012629252107716813,0.05371727919433182,0.046647938162385154,0.11368470805651135,0.044462998152078985
화성시_F_6,202501,68050652849.0,1583854.0,42965.23091711736,0.30178223605110743,0.10713178489139312,0.0909335874867604,0.054505013881428886,0.061243886182124084,0.12558496498058705,0.032465269968805215,0.01400118783234797,0.04013183950637764,0.03790193319653545,0.11794099876440285,0.016377297258129885
화성시_M_7,202501,63047517509.0,1277762.0,49342.14471004772,0.20759583615286428,0.22083123806014138,0.05224549881422788,0.051972514202508514,0.04839911852838982,0.16965073181812262,0.027973918694915285,0.029197980893092584,0.021797674307865642,0.0197393872997304,0.13498005071359595,0.015616050514545595
화성시_F_7,202501,36370975567.0,801448.0,45381.57880111997,0.3141131197513486,0.10625219014226095,0.08745073722121297,0.05152051208548184,0.08252745256234523,0.14327226316232958,0.03665928584125382,0.017037578836890763,0.028434780012292545,0.036902418299938136,0.08339159788117903,0.012438064203466553
화성시_M_8,202501,13980757197.0,314892.0,44398.57855074121,0.2326773921518826,0.20671716196369025,0.0776369231291743,0.0504517622926921,0.06241994540952725,0.12334476908930382,0.04449031246704572,0.026054499853061845,0.02800188743508526,0.021658161093428555,0.11189079157009262,0.014656393545015694
화성시_F_9,202501,1722738426.0,46662.0,36919.5153658223,0.3847035295391567,0.08243504866881282,0.13976103289888053,0.058571330846518714,0.1028481774838499,0.05897943940142657,0.08446874078067859,0.007810323601338682,0.03249259387060176,0.028289609848554085,0.0008749287403083308,0.01876524431987329
화성시_M_9,202501,2253567433.0,56224.0,40081.947798093344,0.2825738671161546,0.1261913768001769,0.13499079790401647,0.05411112261924545,0.07520562214256249,0.1342786351778923,0.07822884529320503,0.020257083077119077,0.04642412285406655,0.023071623537708877,0.0051937766040837585,0.019473126873768478
화성시_F_10,202501,93424109.0,2097.0,44551.31568907964,0.4219595311129795,0.040094352892002486,0.20148414675254656,0.04942757545649887,0.06736936982745062,0.012876926975048086,0.05912881170850618,0.014859774439690126,0.09478557604438183,0.02405493753436195,0.0002265884281647429,0.01373240882836904
화성시_M_11,202501,5493674.0,24.0,228903.08333333334,0.8162249201372676,0.0,0.0,0.0,0.12905521090432037,0.0,0.054719868958412084,0.0,0.0,0.0,0.0,0.0
과천시_F_6,202501,4453744149.0,159098.0,27993.71550239475,0.4639629967496198,0.06457783681547334,0.09378476915253482,0.10717326619390644,0.05457051269027239,0.010920613330862756,0.037510335249821114,0.025459867366343376,0.060778328455144394,0.04943281230022544,0.003958711722358447,0.027869949973437627
과천시_F_7,202501,3280461621.0,110083.0,29799.892998918996,0.5497748114211198,0.05972253659518357,0.08063034504614626,0.08272358101278325,0.051795877893602245,0.0068555737290517315,0.03820678593180332,0.0118599911706317,0.04528439309347943,0.03706564206239068,0.0029211127525325467,0.03315934929127546
과천시_F_9,202501,358803840.0,12065.0,29739.23249067551,0.540901564728438,0.024923926129791205,0.09124236868272652,0.08129248039088843,0.06127369868568772,0.0032980014840669632,0.0649752179915304,0.0004978511899140952,0.07266698813054867,0.01594951418085231,0.0,0.0429783884055557
과천시_M_5,202501,6057888887.0,250597.0,24173.828445671737,0.339481946288315,0.10307336825322524,0.08613497035225638,0.17627430039943293,0.027299927479133627,0.02267810467209065,0.041761848379035196,0.05715289478374445,0.04157186870319907,0.05851838255396496,0.004424635542630633,0.041627752592971835
과천시_M_2,202501,33879872.0,5134.0,6599.118036618621,0.4005644527086134,0.0016193490485147924,0.10488490613969641,0.25382857473922277,0.029040619956846727,0.013151963036043515,0.05124013929832613,0.0020226344428153726,0.023572571947596127,0.08631702450402638,0.0,0.03375776417829833
과천시_M_9,202501,415738223.0,13827.0,30067.1311925942,0.4570107663404051,0.04994978135711631,0.08502186994227261,0.10985529320646491,0.07406069419445128,0.005562306745983306,0.05811373466347302,0.015045616765263054,0.039446977362282275,0.009671502025901009,0.0019870089163464546,0.09427444848004066
과천시_M_8,202501,1322655713.0,52281.0,25298.975019605594,0.42056519257175223,0.10270213648300144,0.0496617939955859,0.1180795491507185,0.055750299405783195,0.007152676244121916,0.050960575842645565,0.028150685992111266,0.07193538139221539,0.019455207012961207,0.003342686527067259,0.0722438153820361
과천시_F_3,202501,881967409.0,64245.0,13728.187547669078,0.2907288874108009,0.03641393748961954,0.1454963732655959,0.208881389578752,0.02036977869983778,0.06485249758980731,0.05129863172764282,0.011441718723091984,0.048110631659884315,0.09898031650036612,0.0,0.02342583735460134
과천시_F_8,202501,1099585172.0,37039.0,29687.226221010285,0.5639870666031037,0.03088659872398574,0.07047503550920964,0.07552532205858496,0.04966316886175157,0.002935584805744242,0.049240944107002166,0.021521421714887676,0.054488774876522914,0.03393423614723703,0.0032500525904274502,0.04409179400154287
과천시_M_3,202501,1169318831.0,98450.0,11877.286246825799,0.38024963099777764,0.07675762759945613,0.07011971643072526,0.2015570188662479,0.045399004437137236,0.033123992155974794,0.03582566277284865,0.017784339149678332,0.025177502329912966,0.07243150644814296,0.0016479794143091453,0.039926019397788955
과천시_M_10,202501,37863852.0,984.0,38479.5243902439,0.6967637659058084,0.0060813719712923655,0.027123980864370453,0.08218536555574628,0.035191341228364245,0.002250136328632405,0.1265061117501319,0.0011707286777957974,0.000629747735564268,0.0032100115856019402,0.0,0.018887438396692054
과천시_M_11,202501,825362.0,9.0,91706.88888888889,0.667108493000647,0.0,0.025677217996467005,0.0,0.0,0.0,0.307214289002886,0.0,0.0,0.0,0.0,0.0
수원시_M_5,202501,137910676725.0,3753289.0,36743.953563128234,0.31694714117717054,0.1234071415409642,0.14008061999608382,0.10759106414479913,0.05632800734457715,0.01686189159207864,0.04846665167059521,0.06693922344626642,0.0509616818910226,0.025852419836168816,0.006262703788825467,0.04030145357144799
수원시_M_8,202501,20609490119.0,559718.0,36821.20303259856,0.22903336056369705,0.1073938559235863,0.1921919625811999,0.08096677718661356,0.13408543147226176,0.010889005471628365,0.08604325651553121,0.05211224511364653,0.06429472735649198,0.01619191008565045,0.004076555074752937,0.02272091265493995
수원시_M_7,202501,72117550589.0,1881285.0,38334.19741772246,0.263596128106862,0.13971607156665378,0.14710623427891853,0.09685288246212174,0.11294425883338167,0.015511281874252306,0.05909025982528334,0.05989030269415466,0.05511958368617176,0.015777112907871,0.005049007600360701,0.02934687616396852
수원시_F_5,202501,110484895158.0,2847523.0,38800.35215097472,0.32818794754304487,0.0671059441231272,0.19766694177315555,0.09108380138085333,0.06624297804295759,0.012056137162400175,0.05494448238017606,0.05366402365210113,0.07174118991129115,0.031168473725296096,0.00408097522369264,0.022057105081904196
수원시_F_3,202501,36588969695.0,1577211.0,23198.525558723595,0.3080824888890946,0.045527343914978716,0.15564798143050618,0.16754396032674806,0.03215510015685965,0.00892199220783734,0.05003612159086162,0.07348877907633097,0.05367082661159804,0.055013301681479436,0.00612038142285066,0.043791722690854684
수원시_F_8,202501,19813335074.0,552064.0,35889.561851524464,0.2829502026483704,0.03232317102794454,0.2014135016558148,0.07992484864800874,0.17703787204847735,0.008203213142990601,0.079584329737439,0.027534790362017576,0.05630025537693153,0.03477111579181648,0.0015728790030667393,0.018383820557122278
수원시_M_2,202501,778690784.0,87235.0,8926.357356565599,0.4533649321694343,0.020895563510308565,0.03757582589121481,0.22078055748396466,0.026103828178890613,0.008297186413344086,0.029749271516068498,0.05640750628215632,0.020485530709329822,0.06403073895335691,1.3749029681525536e-05,0.06229530986224989
수원시_M_6,202501,127754345775.0,3357288.0,38052.84079739361,0.2876597983986273,0.1319436898538246,0.1365798533212305,0.11094839707392262,0.08078465194807419,0.016706661093800583,0.05308265932169319,0.05857315790950974,0.05896122027213739,0.021530548095594813,0.00704920460032666,0.036180158111258416
수원시_M_9,202501,4963104627.0,129605.0,38294.08299834112,0.23412357339110093,0.047109145586439395,0.2560309635901006,0.08068919703334207,0.11546498879700574,0.008263974559018249,0.11445420120079428,0.04735291218603527,0.058345876398293396,0.014356052402047017,0.0015318998116231797,0.022277215044199904
수원시_F_9,202501,4490806674.0,119174.0,37682.77203081209,0.2625938254529583,0.027797791991025396,0.18841500668120448,0.08350331394519489,0.15123173922033523,0.04400639522634512,0.10266186039192857,0.041613647902700716,0.051573576312708994,0.026047839252822984,0.0005619933617801641,0.019993010260995186
수원시_F_10,202501,217696844.0,5489.0,39660.56549462562,0.25997216263478834,0.024963420704815047,0.25585308589688033,0.12330928098042006,0.11973572666396728,0.008039388883873658,0.11767417014525657,0.03226052087439455,0.018769461042917462,0.02618737228875393,0.0025299790025744115,0.010705430881358355
수원시_M_10,202501,242136758.0,5679.0,42637.21746786406,0.24513827835105187,0.03854259444177235,0.2298705891705553,0.08556380750122022,0.10944913965480707,0.017248854635729106,0.15325295927374247,0.053200472245108744,0.033963346373682916,0.013843530741534903,0.0044001263201227,0.015526301290672352
수원시_M_11,202501,2038520.0,49.0,41602.448979591834,0.2747451096755635,0.0837048358057333,0.0,0.18208015901450397,0.07490215463875448,0.0,0.33186049690736746,0.0,0.052707243958077285,0.0,0.0,0.0
수원시_F_11,202501,512024.0,23.0,22261.91304347826,0.5488683396184435,0.0,0.006036884250293444,0.0,0.3444929039933342,0.0,0.0945649878876354,0.0,0.006036884250293444,0.0,0.0,0.0
안양시_M_5,202501,58207515842.0,1795503.0,32418.501022833156,0.28454698898551756,0.08301791875732774,0.12543032027794462,0.09978755374223523,0.1151511841137869,0.028215278215985313,0.04836625533440204,0.08965542100975768,0.04968334753054378,0.03679845323738277,0.002086933488900395,0.037260345306216
안양시_M_6,202501,62041292369.0,1763917.0,35172.455602502836,0.2757213594241916,0.08314657825659375,0.12276804363909619,0.10407292473486748,0.12600269789655658,0.03042648104534711,0.04947609154095218,0.07787083787702968,0.05802040240588578,0.033963439269886854,0.0026428012474515182,0.03588834266214121
안양시_F_4,202501,34008292991.0,1031150.0,32980.936809387575,0.3563513260920657,0.046319633036129564,0.2076896233579922,0.0838182906879993,0.06019539066469405,0.01563479982283378,0.05819480615522192,0.04045429132784889,0.05884544977302735,0.042333395200222904,0.000838149317074708,0.029324844564889627
안양시_F_10,202501,180219216.0,3912.0,46068.30674846626,0.26144249210019355,0.012773695476113041,0.34586899671482896,0.058608762396838,0.12439584875388288,0.01151700926421766,0.1036472211098474,0.008485423010162632,0.022031890805219206,0.009413462068474293,0.0,0.04181519830022236
안양시_F_7,202501,38727429858.0,1058207.0,36597.21572244372,0.4109005889904062,0.030873682424377956,0.15208674052902746,0.06840870905353204,0.13201870888118442,0.018151058058076302,0.05613186094243293,0.025466691731433552,0.050120818294595575,0.0387327817602753,0.0009746850349707698,0.016133674299687466
안양시_M_9,202501,2585223423.0,72265.0,35774.211900643466,0.2433051472997477,0.029455746092904415,0.25370410918801534,0.0767182291670029,0.10110015152568264,0.02001067669617467,0.1433655980489589,0.02724876679148535,0.06312403427013162,0.018877671698119925,0.0013588969382723449,0.021730972283504204
안양시_F_8,202501,12068779559.0,330215.0,36548.24753266811,0.37726749932851683,0.0165030974061568,0.16605835689472684,0.06633187953514487,0.14853200451865153,0.01787429808309779,0.08464209130434909,0.016985775678241298,0.054492700878924084,0.036242843215833515,0.00015614592129799574,0.014913307235059332
이천시_F_8,202501,2976408097.0,64629.0,46053.7544600721,0.35673478592627955,0.10780207503067014,0.0716140717088835,0.06867448344518814,0.2131294372735821,0.014180443608052429,0.06186577052587498,0.011586775809676573,0.03003448015391885,0.04578068746644698,0.004703163788064725,0.013893825263362015
이천시_F_5,202501,20724002548.0,526053.0,39395.274901958546,0.5127884693361922,0.13207312600574245,0.058479038597730695,0.06749378433915357,0.09547176810022982,0.014469396137670112,0.02838964214338185,0.01810661821420807,0.026429307916538747,0.02478861522949151,0.002382458008853444,0.019127775970807566
이천시_M_3,202501,11236093015.0,569419.0,19732.557246948207,0.45839647776600556,0.15522933858770044,0.037308263436239227,0.11446811384286473,0.0647242382426663,0.018155471832106976,0.020541515653564206,0.0191734773560521,0.02078141346826116,0.03771641097586798,0.001723963873631232,0.05178131496504008
이천시_F_3,202501,5325525192.0,215136.0,24754.22612672914,0.45250658320751813,0.1162756303747645,0.07646595168339217,0.11408910469542743,0.07452778870076855,0.013434838672644422,0.034637781290805955,0.016549535028297268,0.029068090694576085,0.0331253538543835,0.0009491133046945109,0.03837022849272747
이천시_M_4,202501,23205773329.0,830585.0,27939.071051126615,0.46022274774992533,0.2071200445767147,0.04078453110711226,0.08802830424814656,0.0749183657975712,0.012022272374801768,0.019302519397007913,0.02642027118040696,0.013120390264354395,0.020764670682402817,0.001909685458482222,0.03538619716307388
이천시_M_9,202501,819765848.0,18616.0,44035.55264288784,0.25129337829778414,0.163368573190855,0.08470747108059791,0.0733302310850362,0.2376912490310151,0.008048661076153115,0.09728881033621802,0.014141894642183801,0.0370876542853024,0.010197238068777259,0.0026826154752163708,0.02016222343086068
이천시_M_2,202501,86158633.0,10201.0,8446.096755220076,0.5464495065211893,0.024275456111501628,0.037654671783729166,0.08074213664880504,0.031532390350203096,0.03251794227833592,0.03343134657208552,0.0056502944885219635,0.006319798284698461,0.16593919919004965,0.0,0.035487257770880284
이천시_M_11,202501,112528.0,2.0,56264.0,0.0,0.0,0.0,0.0,0.0,0.0,1.0,0.0,0.0,0.0,0.0,0.0
포천시_F_7,202501,9784810348.0,196725.0,49738.520005083235,0.28206703864733557,0.20899831497021454,0.0596811284829601,0.09778623484991168,0.12139908665920628,0.04850089423343916,0.03326004986191503,0.04175171450897239,0.028964303431168566,0.03606490718657565,0.0016235728323495202,0.039902754335951515
포천시_M_5,202501,15694560695.0,413770.0,37930.63947362061,0.26924073776257684,0.3229785416625054,0.033051524982457184,0.10338889734972782,0.0642992229000602,0.04701672478891689,0.017509696436071587,0.06199476114224808,0.010806038333177666,0.021912468466550736,0.0008702855647453228,0.04693110061096231
포천시_M_6,202501,21527845050.0,468934.0,45908.049000499006,0.22387099074727737,0.33763500146384834,0.03260948888941597,0.10274866987295836,0.07384463488797316,0.04629985675080149,0.02032250005838497,0.08188989259327328,0.014069500381435012,0.021877624114355725,0.0012655850737223852,0.04356625516655392
포천시_F_6,202501,13255466530.0,287521.0,46102.60304464717,0.28518127246127417,0.21825970964104832,0.05094042179170844,0.10940516226978976,0.1021014602514077,0.06050268634567915,0.02848670179206681,0.0468042437908168,0.019162398527314665,0.030508207277943716,0.0009627226884612738,0.04768501316248918
포천시_M_4,202501,11681925897.0,387092.0,30178.68077097951,0.3451695597969398,0.2653252247507644,0.028193960572683634,0.11686458720056898,0.060720891638649625,0.0334316089998101,0.015659869307954332,0.045383651784007044,0.008610042343524976,0.02894511216902847,0.001569621471734064,0.05012586996433458
포천시_F_3,202501,2628100344.0,98509.0,26678.784111096447,0.38100870711643287,0.1899422077657977,0.03986005576379306,0.12918009867918326,0.07100286693496276,0.03030477950191774,0.025621688784609246,0.024869477335659262,0.019480710333100143,0.03359294139770694,0.0008624244343753372,0.05427404195246168
포천시_F_8,202501,2788772574.0,56143.0,49672.6675453752,0.26941049021677593,0.1806851546428246,0.06778318393665017,0.10810141689264488,0.14304563982100257,0.05058204710527801,0.04531027213318128,0.02531364200066258,0.034204471751179924,0.026611549957830192,0.001454990777891838,0.04749714076407805
포천시_M_9,202501,710104485.0,15258.0,46539.81419583169,0.20673791506966616,0.22913411324984623,0.09345391863277176,0.09928444673140834,0.13500982846503418,0.019770872244500665,0.07320897335834822,0.01875861431104562,0.028404316503796913,0.015104595524568313,0.0025736509154987903,0.0785587549935148
포천시_F_10,202501,16620948.0,249.0,66750.7951807229,0.20532115731364659,0.41544759264204406,0.010267073288890044,0.0911401038848098,0.06646886468743575,0.08891784096360487,0.01429339246764234,0.0,0.0,0.01462999602987988,0.0,0.0935139787220467
포천시_M_10,202501,34145030.0,437.0,78135.08009153318,0.16292629132934475,0.1038653473967992,0.24911542823589883,0.08503659744537083,0.07614141816738802,0.04793472669718745,0.06345250103562669,0.0,0.0,0.0040015070271503484,0.0,0.20752618266523387
포천시_M_1,202501,2403282.0,147.0,16348.857142857143,0.33945294367091305,0.2959569220114771,0.0,0.18599865004905491,0.12780321830312671,0.0,0.0,0.0035093706167368824,0.0,0.04727889534869133,0.0,0.0
포천시_M_11,202501,1611980.0,14.0,115141.42857142857,0.0,0.9341480663531806,0.001861685628853956,0.0,0.0,0.0,0.06399024801796549,0.0,0.0,0.0,0.0,0.0
포천시_F_11,202501,132261.0,4.0,33065.25,1.0,0.0,0.0,0.0,0.0,0.0,0.0,0.0,0.0,0.0,0.0,0.0
하남시_M_8,202501,8704243346.0,217946.0,39937.61457425234,0.40077475737100193,0.18764537631177672,0.0681776477614239,0.10283872451612942,0.0629950929247299,0.014362084507420587,0.04631482278976573,0.04315609783070095,0.02789101855729016,0.013444800254170277,0.004934127834352474,0.027465449341237968
하남시_F_4,202501,30352417739.0,796025.0,38129.98051443108,0.4995562371227094,0.08405963431427617,0.14122783110727807,0.08531672614986789,0.03195221573665925,0.01594529372939417,0.03618344888352767,0.016847769090176067,0.03947494024245287,0.028082130063225425,0.0008674412443521057,0.02048633231608088
하남시_F_9,202501,1535201026.0,34636.0,44323.85454440467,0.4417615876801697,0.052366558495593796,0.12636308385817205,0.09517670102586794,0.0760882831632811,0.015337904018371462,0.06554473555441137,0.03597910508072088,0.02831486061456394,0.03765752286569164,0.001787067105339194,0.02362259053781691
하남시_F_8,202501,8036142244.0,187132.0,42943.70948848941,0.47658763611984406,0.05448112697527429,0.09315612591659371,0.0838920271937193,0.096365368118088,0.022952393960958068,0.05063863773914957,0.03968385553461316,0.03207120050595449,0.02810311966835659,0.00120769201857838,0.0208608162488704
하남시_F_5,202501,42454073527.0,1028680.0,41270.437382859585,0.5002098879567597,0.08815283150162306,0.11968938273261437,0.07766249459960047,0.041119105318130046,0.019238163779987685,0.03679773245136863,0.018229859455934222,0.05012377788819761,0.028159062595784733,0.0015106535809697548,0.01910704813902977
하남시_M_2,202501,199259406.0,24049.0,8285.558900577988,0.43945472788028617,0.016591258088310322,0.03555520285566881,0.1494266281808814,0.04258029515595358,0.0933872035375751,0.0560317085890655,0.017252695404619503,0.013407970440224874,0.0669722831428073,0.0,0.06934002672460744
하남시_F_2,202501,158254877.0,19293.0,8202.709635619136,0.41249016794269017,0.006958962893784981,0.05125579013564771,0.1516908855621408,0.020485432750132895,0.15850258052540547,0.06547085083669293,0.00892300359845834,0.03125911973255048,0.060848102419524645,0.0,0.03211510360297156
하남시_F_11,202501,194754.0,9.0,21639.333333333332,0.0,0.0,0.0,0.0,1.0,0.0,0.0,0.0,0.0,0.0,0.0,0.0
광명시_F_7,202501,19841418087.0,565335.0,35096.744562073814,0.25451294616324965,0.044563242538450676,0.16230636550571453,0.07375333574321886,0.17262302364209964,0.0362728502055035,0.07152301749160839,0.03763433338507717,0.043556033745522825,0.03191266499324651,0.054718047799935846,0.016624138786372384
광명시_M_7,202501,23289078948.0,550467.0,42307.85668895683,0.1612962568440504,0.11449967585274055,0.0994371481743994,0.07777803105301252,0.10185635493071736,0.16208511636404374,0.056022413447913526,0.05443116978918125,0.030363752492195372,0.014861859149892312,0.10139680432734416,0.025971417574509378
광명시_M_4,202501,29354221281.0,705423.0,41612.2259708005,0.14787290512547083,0.06896479526245618,0.07861346351708003,0.05696343814181454,0.08778908624522846,0.1150743050838133,0.0214376571501861,0.029452402587706192,0.01600882647192456,0.012465906756763987,0.3387013118024519,0.02665590185510395
광명시_F_3,202501,5904118002.0,275575.0,21424.72285947564,0.22365311599332285,0.03835604223974795,0.1578724457849183,0.10823756139896089,0.09284471784389747,0.07487459682900795,0.06194445801467379,0.019525955799519906,0.053957441728336136,0.030211279293639252,0.09492209264476259,0.04360029242921294
광명시_M_5,202501,48589737565.0,906842.0,53581.260644081325,0.13175748589446287,0.06449599623353555,0.0676376040158225,0.04405933834156304,0.08694293338695532,0.1489352089499131,0.02673855137617841,0.03220853107272142,0.02405815753229779,0.00978296520080296,0.3441662118217609,0.01921701617398615
광명시_F_4,202501,19703420886.0,537115.0,36683.80307010603,0.1935611287253533,0.04606795673116193,0.18799514755708616,0.056835981683938705,0.15648425915441688,0.09894023774009153,0.04306513243964643,0.03839894479292862,0.04221852686619112,0.018342052610714577,0.09596440016814228,0.022126231530328437
광명시_M_8,202501,6914314355.0,201858.0,34253.35807845119,0.18347048913896336,0.10710319178888554,0.1146965746512288,0.08050782114470305,0.12764675545387746,0.07552652484332446,0.09444631542425722,0.0754102362966012,0.048223103431217405,0.0200547230604214,0.04873360716844099,0.02418065759807911
광명시_F_9,202501,1309329776.0,40232.0,32544.486379001788,0.22843897576834324,0.023592119265200297,0.16602254377026437,0.07505056189172737,0.17301716720281446,0.002991585087968395,0.1621519562433112,0.044162331545776916,0.06293175731741354,0.04561653869652873,0.0001336361353539526,0.015890827075297508
광명시_F_2,202501,131367068.0,15985.0,8218.146262120737,0.3538062266963635,0.007460572245740524,0.07638493193208809,0.17633327074773356,0.06803086673612654,0.018196366833474743,0.07899936219021378,0.014589942232178315,0.10729495886974938,0.04396915628699224,0.0,0.05493434522933935
광명시_M_2,202501,165063901.0,22038.0,7489.967374534895,0.444017622508131,0.010862694770563648,0.07671704331098196,0.210927839206189,0.053436081225926434,0.023877084956680887,0.03793271960433002,0.017948623693397812,0.014792020867316453,0.04663660890284849,0.0006961590352958794,0.06215550191833841
광명시_F_10,202501,64227494.0,2160.0,29734.950925925925,0.2936298497673333,0.0608405364617108,0.11114229766609034,0.07355119996671666,0.18524613433944723,0.0,0.14815091762432483,0.002243853271517855,0.09624894538414931,0.021405205073461022,0.0,0.007541060445248642
광명시_M_10,202501,67652618.0,2170.0,31176.321658986177,0.1726351502163431,0.025190856097736608,0.1934087912248043,0.10107461255981931,0.22754401413431902,0.0010170756648447943,0.20131135818693946,0.001088418899662453,0.048871946586292785,0.019699405691252145,0.0,0.008158370737986033
시흥시_F_5,202501,41837105957.0,1316477.0,31779.595053312743,0.30175101133518717,0.13585483863708578,0.1250355160176409,0.09358084823946666,0.11519895063178907,0.04868674723437004,0.04362769879728293,0.022868007788911796,0.04369904846605586,0.03707730651944081,0.0019404619971666874,0.03067956433560227
시흥시_F_6,202501,42619423557.0,1227840.0,34710.893566751365,0.2779987297007799,0.13748330001336398,0.12472987057357615,0.09014748984106188,0.1386068519593161,0.0617671182009774,0.04069313456635197,0.026717608684864513,0.03687165995418042,0.03450211081664347,0.0018779047888427775,0.02860422090004145
시흥시_M_7,202501,38147739442.0,1037414.0,36771.953571091195,0.20374695601402554,0.27395298383784616,0.08795104678414055,0.09100275315067886,0.10623219022479435,0.05853367194089402,0.0397961718054616,0.052050312794261665,0.028975972812205555,0.01953625832393731,0.0058459426584170455,0.032375739653337336
시흥시_F_4,202501,29727372677.0,988027.0,30087.611651301027,0.31248091155973606,0.14834075062609525,0.12913421020900967,0.09790176544256252,0.09072393302748225,0.041410571630137526,0.04784766141832874,0.022601814692245443,0.03855514283791128,0.03697787957891417,0.0025162822888405065,0.031509076688736565
시흥시_M_9,202501,1211543423.0,34464.0,35153.882979340764,0.20853096173777344,0.107274184245009,0.17840464300114814,0.0872822604373923,0.14953528834460475,0.04998104737183023,0.09708893678281957,0.036398987424008385,0.03756807251515812,0.012139514238791671,0.0020536919256844027,0.03374241197578002
시흥시_F_9,202501,1106472624.0,32508.0,34036.93318567737,0.23444822805165716,0.07042721435492016,0.13767922784000294,0.09536173072294665,0.22427451603835724,0.042100049114058985,0.08442813576108564,0.024242918087709685,0.03217868529825699,0.024439196685038574,7.44344397233618e-06,0.03041265460199365
시흥시_F_2,202501,168887876.0,19201.0,8795.7854278423,0.45060943414569843,0.05098700255126722,0.04199966135000145,0.17610648135741688,0.061698943075202656,0.022242190965360342,0.07186684239025773,0.0029053091490102334,0.007578524658054736,0.08707413614494021,0.0,0.026931474212790123
시흥시_M_10,202501,65753818.0,1198.0,54886.32554257095,0.42463565656582,0.0341333963074929,0.10608960482456826,0.08291137591170103,0.15322051541402185,0.031032170557891026,0.06113212945574978,0.010829902014436251,0.0023761243107034325,0.049571374937614425,0.0,0.044067749700001095
시흥시_F_10,202501,67040898.0,1495.0,44843.410033444816,0.19755960154800328,0.11242079047866643,0.35498840836273166,0.05501945219234916,0.15954979807209543,0.005517506973114246,0.057060704017668114,0.007694518092811755,0.0197969739672104,0.011714648060118179,0.0,0.018677598235231324
안산시_M_5,202501,66746804558.0,2023250.0,32989.894752502165,0.3412673793233868,0.19217724404344558,0.09898688041299487,0.07993121270639716,0.05522886214521084,0.028138271618692746,0.03390536967675962,0.05384977075094408,0.031438442587023545,0.04797099409267828,0.003818651102738072,0.033286921539728405
안산시_M_8,202501,9958768203.0,276787.0,35979.89863324506,0.26656238148522227,0.16585722569648012,0.15851648015616177,0.06602363288965445,0.0980170245546679,0.026520319498561457,0.08205991565622905,0.050363654867478805,0.03720422963270391,0.026100393690639656,0.0035323182407548896,0.01924242363144573
안산시_F_4,202501,35439303239.0,1112809.0,31846.707960665306,0.3578349532571561,0.11364943600178361,0.16548502182724156,0.07591715356146597,0.052988543786679755,0.02322732093781837,0.050447715151835534,0.027708719725184235,0.03686485864651684,0.06856506676374202,0.001400198846172433,0.02591101149440355
안산시_M_9,202501,1821213645.0,50418.0,36122.29055099369,0.24867646646524103,0.08401217926918149,0.2027667277809678,0.060613766728039496,0.11479032056739472,0.03301290892057656,0.12832676967953277,0.02691535066934068,0.05665705043562223,0.025507006647882257,0.0006263054705595286,0.018095147365661434
안산시_F_3,202501,13766856574.0,668314.0,20599.38378367055,0.3224922610751355,0.08854448119671601,0.14846456982451375,0.13073678095736124,0.03904621331186024,0.019435423138609242,0.0532309257584103,0.02744635522995671,0.05460338202394935,0.07589968357919037,0.0018634764364507676,0.038236447467846484
안산시_F_9,202501,1740264660.0,49299.0,35300.20203249559,0.3052178465834776,0.047255809390069625,0.21197521352893958,0.056856842115909086,0.13013677440431431,0.0409936458440979,0.09920940447165921,0.017714969284230213,0.03749765239501756,0.03707585826432382,0.0006916670023751208,0.015374316715585933
안산시_M_3,202501,21715121354.0,1274909.0,17032.68339465797,0.3636380303397745,0.148035302581773,0.07452117060474393,0.14587961703019472,0.04013546933144023,0.017706142427171678,0.0266913168892136,0.042437939779468595,0.03218984027064028,0.05845198008118414,0.0029597289158734288,0.04735346174852193
안산시_F_8,202501,9114550005.0,241442.0,37750.47425468643,0.33688372331386274,0.06432643917832213,0.16824163770903366,0.05571315294533893,0.1268906114470683,0.03150031335942503,0.08147948857991569,0.02019555026684693,0.05272011506031083,0.046560007925615154,0.001036239150982552,0.014452721063278018
안산시_M_2,202501,331858657.0,35918.0,9239.34119383039,0.505159993915998,0.03290847705387815,0.026365909127029595,0.17681511422954307,0.049801207095495806,0.01716096276941364,0.035148818466111474,0.011351072403125459,0.008213812325499606,0.07198294460758682,0.0,0.06509168800631843
안산시_F_2,202501,288372125.0,28463.0,10131.473316235113,0.35874295543604623,0.03713823240291526,0.03889480809945092,0.15917120388053888,0.03348717904499688,0.013969322993921581,0.04333842157850647,0.0960758622488894,0.07415588172274752,0.10687440630921256,0.0,0.03815172628277428
안산시_F_10,202501,130976389.0,2027.0,64615.880118401576,0.17121778610720223,0.02593542976829779,0.5788429100119776,0.029981419480241807,0.05994318199165362,0.007089925705608017,0.0546469003214433,0.006780876332262564,0.04828403152251747,0.0016634312550672633,0.0,0.01561410750372832
안산시_M_10,202501,79539011.0,2078.0,38276.71366698749,0.16333125197237286,0.029734851716226748,0.4206493612979542,0.05745452295857339,0.08907128381019903,0.03710991512981666,0.13956959832515703,0.0007712277030575876,0.03482513867522582,0.011275283042791791,0.0,0.0162075653686249
안산시_F_11,202501,1409215.0,48.0,29358.645833333332,0.10942219141456652,0.0,0.7650446135864762,0.06362631113831788,0.04794066325481882,0.0,0.0,0.0,0.0,0.0,0.0,0.013966220605820546
용인시_F_2,202501,610812039.0,84543.0,7224.8682800468405,0.48170329853529714,0.015463358581844876,0.04284227951145711,0.1527925367389636,0.03807837667145006,0.05044284221045275,0.06037540530178818,0.031212684962692652,0.016668622970415787,0.0716348020070619,0.0,0.03878579250857596
용인시_F_3,202501,19384380206.0,1048859.0,18481.397600630782,0.39757536106273406,0.1300937077334149,0.07865068598928347,0.11181688542939719,0.03679145498381823,0.039963336325834285,0.04191196529709165,0.032771441020285855,0.036062457034482506,0.0584185536435011,0.0016026143777249345,0.03434153710243186
용인시_F_6,202501,94010713778.0,2544023.0,36953.56283256873,0.3985035542228092,0.12981532319680536,0.0947255328210228,0.07197979369117226,0.07876173530346,0.055664580344635534,0.03430281577467011,0.025827808276830587,0.039899815191345486,0.04991348018864778,0.0037431909116909805,0.016862370076909917
용인시_F_7,202501,52143722092.0,1334499.0,39073.63144670772,0.41012856528327757,0.11077915509459688,0.09118056223924242,0.06682049256410626,0.1006054552925655,0.05514805518428744,0.03694449518614654,0.02371668081733985,0.03749613637593191,0.04973977905761615,0.002655204653801847,0.014785418251087647
용인시_F_8,202501,22989300817.0,636855.0,36098.171195955125,0.4430102927720813,0.06418467389253721,0.11033516842858933,0.06804826739081929,0.11853618155625993,0.025620756732722502,0.059101241453478906,0.016254094707736446,0.03663104198816454,0.041467621681219646,0.0016632697162721154,0.015147389680118783
용인시_M_3,202501,28344407471.0,1717226.0,16505.927275151902,0.39316054094824926,0.19661471980824596,0.03775233753220298,0.11862284759848095,0.036096976803214574,0.039915382651529586,0.02192535646516103,0.04068419375083092,0.018874034977836646,0.04445348119591467,0.0060390529400225525,0.04586107532831088
용인시_M_7,202501,65488922570.0,1675423.0,39087.99304414467,0.2842005819377869,0.2540513318685151,0.0791456849136066,0.08212227682800692,0.06915732122056586,0.06326448667469903,0.03703664213245794,0.04405189714397138,0.028037773441673144,0.024460684431758306,0.013796475271495532,0.0206748441354633
용인시_M_8,202501,22119595941.0,617762.0,35806.01581353337,0.32481042654698816,0.18551609538700137,0.09883677291825345,0.08328129170425214,0.08509829975933052,0.045021804115521,0.054509504405988694,0.03384221989714061,0.0356350062247362,0.025065193725519592,0.007594871664360876,0.02078851365090738
용인시_F_1,202501,3183.0,2.0,1591.5,1.0,0.0,0.0,0.0,0.0,0.0,0.0,0.0,0.0,0.0,0.0,0.0
화성시_M_4,202501,94950050631.0,3175416.0,29901.60994055582,0.3229027908018552,0.13755848126686265,0.07872459706812125,0.0741411130139624,0.0385539686413113,0.08097463114112705,0.02438973108302407,0.020570785549624784,0.026601188070494736,0.03047813034404693,0.1301228351153796,0.03498174790419005
화성시_M_6,202501,117125150038.0,2747626.0,42627.76303543495,0.2563041636363937,0.1940685993483859,0.05954013053706799,0.062215128004214984,0.04431127434813593,0.1119035729947393,0.03222826209510494,0.028470010587955764,0.029824190345378667,0.02682273391125916,0.13134891409435598,0.022963020097007653
화성시_F_8,202501,9720497943.0,234500.0,41452.01681449894,0.3430850953073168,0.07519835561277347,0.10778483111601515,0.05390310460609673,0.09114011729249438,0.14614890508621825,0.05094292612850693,0.011000179640034018,0.032073710571172226,0.029628958736494834,0.04500005436342752,0.014093761539449697
화성시_M_5,202501,138611019574.0,3733999.0,37121.33280539175,0.29863800543111746,0.15863885680679482,0.08412663018464073,0.0707192757404528,0.04079369132724177,0.08272158517740685,0.03184632221215911,0.027166654941356828,0.036568031750531214,0.03006217596449276,0.10748229671285689,0.031236473750948797
화성시_F_4,202501,60738117343.0,1656652.0,36663.17207415921,0.3089303243014339,0.08735781760471262,0.16067162002046154,0.06152429751915547,0.0462372619750003,0.07524977358967626,0.04526561254168106,0.011810974965232273,0.04502357971749077,0.03822521072287892,0.09456106769836761,0.0251424593439093
화성시_F_2,202501,288360673.0,35866.0,8039.945156973178,0.5504723739061685,0.007980410745499043,0.047947731879270566,0.14908641134960593,0.02447499087132611,0.02696021630558776,0.061224517653139784,0.006660350911819201,0.008866820652582388,0.07139145391649264,0.00010453233181821277,0.04483018947668988
화성시_M_2,202501,396110120.0,50597.0,7828.727394904836,0.5566701344366956,0.0391209729993523,0.03847445523599018,0.13281593466679104,0.040851295380751135,0.011101923452929237,0.028801105470275465,0.007153139991978806,0.017749079960558068,0.06173900234680546,0.0,0.06552295605787276
화성시_M_10,202501,56835668.0,1868.0,30425.946466809422,0.40542588641671484,0.05233449779328551,0.1482136420563045,0.10671402100809264,0.059119939700625006,0.016263981868743466,0.0887600056722279,0.027593702960779398,0.017848621791508087,0.044600726302498284,0.00038737010813602704,0.032737604321084364
화성시_F_11,202501,430463.0,6.0,71743.83333333333,1.0,0.0,0.0,0.0,0.0,0.0,0.0,0.0,0.0,0.0,0.0,0.0
