segment_id,year_month,total_amt,txn_cnt,avg_ticket,ratio_종합소매점,ratio_연료판매,ratio_일반병원,ratio_한식,ratio_음/식료품소매,ratio_제조/도매,ratio_의약/의료품,ratio_차량관리/서비스,ratio_특화병원,ratio_의복/의류,ratio_차량판매,ratio_고기요리,carbon_kg,carbon_score,cluster,cluster_name
과천시_M_4,202501,3644380264.0,196856.0,18512.92449303044,0.3249613278619027,0.1018023236377438,0.1042685974722607,0.189811615697848,0.0261979177021856,0.0648451851747618,0.0299596350404616,0.0303894171572318,0.0338762420535718,0.0521946398476251,0.0021512764212343,0.0395418219331724,210751.5805020909,57.1,2,종합소매점/한식/일반병원
과천시_F_4,202501,3523190165.0,145174.0,24268.74071803491,0.3211429438497128,0.0556833732287232,0.1582297641377845,0.1778261545888175,0.0273770784667246,0.0272910893851833,0.0438866404803789,0.0236359942651655,0.0708499400515755,0.063649956205333,0.0024901120641761,0.0279369532764247,209797.14320579643,57.5,2,종합소매점/한식/일반병원
과천시_M_6,202501,5442183254.0,220491.0,24682.110625830534,0.3737059036304353,0.1231882177598334,0.068389646942533,0.1627339035617874,0.0364429399132002,0.0133130071422581,0.0426371575803991,0.0520937082779936,0.0417350597040024,0.0325767314084535,0.0041520328074334,0.0490316912716702,298702.44402117113,53.4,1,종합소매점/한식/연료판매
과천시_F_5,202501,4790739680.0,178917.0,26776.32466450924,0.3810526827707975,0.0665854129358837,0.1247850632453344,0.1586986674486565,0.0420522873210902,0.0135303193525322,0.0366288966208782,0.0159246392618757,0.0666629065363466,0.0652563499076454,0.0010762863960448,0.0277464882029143,286430.91173117806,54.3,2,종합소매점/한식/일반병원
과천시_M_7,202501,3762061149.0,148242.0,25377.835896709435,0.4130769664189182,0.1379196508136693,0.063258660111043,0.1250787158044121,0.0481461364997307,0.0122201702202746,0.0406808081249381,0.0319840205624241,0.0464493357274229,0.0216124607764403,0.0086723699799787,0.0509007049607474,200299.16730319976,58.0,1,종합소매점/연료판매/한식
과천시_F_2,202501,38853477.0,5067.0,7667.944937833037,0.2898932737145136,0.0051744328851525,0.0755471085941647,0.299001474302703,0.0104832767146191,0.0208048385276152,0.0327193531670315,0.011395018004518,0.0110936755488511,0.2154928203356322,0.0,0.0283947282051987,3198.5706507863424,86.3,2,한식/종합소매점/의복/의류
과천시_F_10,202501,38501014.0,1209.0,31845.338296112488,0.6480341579791121,0.0196965281130561,0.05768276502491,0.0446754282409729,0.0504785579122888,0.0033925403037172,0.0482591124732579,0.0528328467045638,0.0031512607581544,0.0240546096844,0.0,0.0477421928055661,2063.969729633542,87.7,1,종합소매점/일반병원/차량관리/서비스
과천시_F_11,202501,941895.0,38.0,24786.71052631579,0.9589816274637832,0.0,0.0,0.0,0.0,0.0,0.0410183725362168,0.0,0.0,0.0,0.0,0.0,47.094750000000005,94.1,1,종합소매점/의약/의료품/연료판매
수원시_M_4,202501,104977076824.0,3489390.0,30084.64998867997,0.3392855233695131,0.1225088611255001,0.1201355826116931,0.1323539672110153,0.0470702996920465,0.0136297326374038,0.0367873797536873,0.0685229491682311,0.0337836817227992,0.0281119483850903,0.008939414396793,0.0488706599262268,5691520.36599409,4.1,0,종합소매점/한식/연료판매
수원시_F_7,202501,62840340866.0,1670888.0,37608.94857465012,0.3210141681434749,0.0569633587806664,0.1736915294556755,0.0863006977171541,0.1514547835909801,0.0104345302534499,0.0574674814213946,0.040125999162411,0.0503406126582375,0.0325102803379839,0.001542361487465,0.0181541969911066,3448460.6080132173,11.0,0,종합소매점/일반병원/음/식료품소매
수원시_F_6,202501,106224046261.0,2765332.0,38412.76427604353,0.3287883380175669,0.0695369993450423,0.1834984170633561,0.096654061074618,0.1010189457622763,0.0116897386793026,0.0504478551859947,0.0487837305316715,0.0600591640485023,0.0268824721247145,0.0018525273263697,0.0207877508405844,5739537.057437855,3.7,0,종합소매점/일반병원/음/식료품소매
수원시_F_4,202501,83738436421.0,2358690.0,35502.09498535204,0.3259714018028417,0.0646394179318723,0.2154891848682928,0.0960686197328464,0.0457340977337876,0.0138196952934833,0.0495023473996726,0.0657487402125071,0.0540961063663758,0.0320947527200648,0.0111318796940446,0.0257037562442104,4590056.482564527,5.9,0,종합소매점/일반병원/한식
수원시_M_3,202501,45733564434.0,2490896.0,18360.28659325801,0.3354769852188896,0.0883311361516511,0.0874905151222428,0.1957753316664481,0.0330659606768938,0.0120730376166697,0.0300337214032658,0.0593033557026847,0.0390710142965742,0.0478345746475704,0.0069671519663664,0.0645772155307429,2614825.0619726456,16.0,0,종합소매점/한식/연료판매
수원시_F_2,202501,715406102.0,74034.0,9663.210173703974,0.3480617070642247,0.0098932782707723,0.0550959991692952,0.2422960441090606,0.0449767623963108,0.0145863073301183,0.0572929987590496,0.0783704772977582,0.018389883105542,0.0952686597906555,6.257521878346013e-06,0.0357616251853339,45993.67218153953,68.0,2,종합소매점/한식/의복/의류
수원시_F_1,202501,17114.0,6.0,2852.333333333333,1.0,0.0,0.0,0.0,0.0,0.0,0.0,0.0,0.0,0.0,0.0,0.0,0.8557,98.6,1,종합소매점/연료판매/일반병원
안양시_F_5,202501,52167686250.0,1384519.0,37679.28518857452,0.3574146427704945,0.0387181278283553,0.1707723080195403,0.07992324847208,0.0782230360301575,0.0258298984055643,0.0513934209109587,0.0524783204040048,0.0738654532365443,0.0482142502271168,0.0012132221130689,0.0219540715821139,2985668.194294081,14.6,0,종합소매점/일반병원/한식
안양시_M_7,202501,38384421072.0,1078330.0,35596.17285246631,0.2574302497108642,0.0894347977029705,0.1542094218109853,0.0982266795343195,0.1285979803597404,0.0303508236632552,0.0664071249274942,0.0564924328204208,0.0555755761601837,0.0290826947983375,0.0024971858834101,0.031695032628018,2086669.4140571768,21.9,0,종합소매점/일반병원/음/식료품소매
안양시_F_3,202501,11221633103.0,559594.0,20053.169088660707,0.3173806668256343,0.0317795484533499,0.162581233437507,0.1408520028965685,0.039676394440526,0.0149305479415272,0.0582199829008637,0.0388806987164436,0.076799857197686,0.070957253543866,0.0006632949611657,0.0472785186848614,680520.0949398713,41.1,2,종합소매점/일반병원/한식
안양시_F_6,202501,55923606244.0,1506763.0,37115.06470758839,0.3989767202265105,0.0380530448910127,0.1601390711264772,0.0749591851356561,0.092646768181001,0.0263711584611946,0.045493017324464,0.0437966643324692,0.0598521726291875,0.039834328639597,0.0007596957700677,0.0191181732823619,3130332.2086752355,13.2,0,종합소매점/일반병원/음/식료품소매
안양시_M_3,202501,15111407775.0,1075741.0,14047.44057816891,0.3321019352750037,0.065110784259908,0.0928781596174334,0.1743109719432329,0.0436497278609421,0.0187465200936405,0.0324438834189628,0.0671746537168204,0.0430460767057874,0.0561193283294947,0.0014427601050988,0.0729751986736748,882776.6969169152,37.9,2,종합소매점/한식/일반병원
안양시_M_8,202501,11899268695.0,348846.0,34110.37734415759,0.2588308730995068,0.0683833623596409,0.2028533022980339,0.0873424842881881,0.1093179090388341,0.0290464748751697,0.0878144415466951,0.0431304353398775,0.0620893501704596,0.02453630035984,0.00173473202535,0.0249203345984037,638758.039364444,42.0,3,종합소매점/일반병원/음/식료품소매
안양시_M_4,202501,38080707548.0,1578268.0,24128.162991329737,0.3242113521267914,0.0941552690482691,0.123723475243188,0.1185136280706952,0.0657734517511195,0.0226376356521838,0.0403612907397331,0.0785501354562556,0.0410467264151693,0.0382894696347729,0.002129410595072,0.0506081552667496,2122748.8916994715,21.5,0,종합소매점/일반병원/한식
안양시_M_2,202501,305883584.0,43314.0,7062.0026781179295,0.4437345652748204,0.0104995277748981,0.0497232991645686,0.1997520454328933,0.0174730029149837,0.0401458981134315,0.0362958715719324,0.001905754098335,0.0174802040375253,0.1095452687230641,0.0,0.073444562893547,20320.394111088084,73.1,2,종합소매점/한식/의복/의류
안양시_F_2,202501,291249555.0,34294.0,8492.726278649327,0.4084076384612684,0.0104948098962206,0.0591127394672287,0.2106784901500341,0.0232007932127627,0.0150607484908257,0.0647532180159451,0.0024773939767686,0.0291709249268094,0.1285258032831764,0.0,0.0481174401189598,20177.44020183639,73.5,2,종합소매점/한식/의복/의류
안양시_F_9,202501,2773578872.0,72667.0,38168.34150302063,0.3308888432304968,0.0150281111979384,0.2225373017710609,0.0654229145641398,0.1216865251194314,0.0159899269064634,0.1233268481580263,0.0120448322824482,0.0461299406906077,0.03208335206631,0.000627024960698,0.0142343790523785,152026.79971510818,59.4,3,종합소매점/일반병원/의약/의료품
안양시_M_10,202501,169273534.0,4623.0,36615.51676400605,0.3125705142753512,0.0164122204589365,0.2634492781940659,0.0724776350822939,0.120661882288042,0.0051329689721237,0.1360226794154182,0.0003502617636575,0.0433682793167546,0.0085753180454054,0.0,0.0209789621879507,8681.412858607959,79.5,3,종합소매점/일반병원/의약/의료품
안양시_M_11,202501,1408353.0,56.0,25149.160714285717,0.7669488697826667,0.0,0.016631896152063,0.1386983534932074,0.007075272895857,0.0,0.0706456076762057,0.0,0.0,0.0,0.0,0.0,70.41765,93.2,1,종합소매점/한식/의약/의료품
이천시_M_5,202501,34059273711.0,923371.0,36885.79532062411,0.4378778640963958,0.2507669935934769,0.0346861989112496,0.073323316704192,0.0742768060945139,0.0152066709286349,0.0205073185192313,0.0297068835769316,0.0175804089023485,0.0176390087963621,0.0017972204157443,0.0266313094609185,1793079.459837904,24.7,1,종합소매점/연료판매/음/식료품소매
이천시_F_7,202501,10937237438.0,241504.0,45288.01774711806,0.4148770976025842,0.1419957335710734,0.0554408614972405,0.0631798919863741,0.1837458966314115,0.0147191342341223,0.0362401985963721,0.018887558579507,0.0288954436372247,0.0255879693731992,0.0010626983796023,0.0153675159112882,588841.1263886426,43.4,1,종합소매점/음/식료품소매/연료판매
이천시_F_4,202501,16045058540.0,427578.0,37525.453928873794,0.5003126434573183,0.1345585114759572,0.0902414242176656,0.0733654208373396,0.0793165284061077,0.0092413451658554,0.03083937778261,0.0166847664261476,0.0208616965850773,0.0220780428817452,0.0013490488227003,0.0211511939414753,855389.4505729345,38.8,1,종합소매점/연료판매/일반병원
이천시_M_6,202501,32313931613.0,771467.0,41886.34330826853,0.341061151801205,0.3066422933240117,0.0333703040288814,0.0745370983067071,0.0958852859349548,0.0231732767056656,0.0224864760805159,0.0429141860881787,0.0219131039375357,0.0126735750558895,0.0023464310253055,0.0229968177111486,1677126.5362972345,26.5,1,종합소매점/연료판매/음/식료품소매
이천시_F_6,202501,18677836573.0,446395.0,41841.50040435041,0.4524570720781719,0.1479063160755157,0.0582493767706717,0.0696153135057986,0.1367759692198306,0.0137674540359153,0.0274140258104243,0.0247923524148944,0.0251165293806704,0.0239570499803919,0.0015744280992125,0.0183741126285023,1001011.7082957425,36.5,1,종합소매점/연료판매/음/식료품소매
이천시_M_7,202501,17743423402.0,396050.0,44800.96806463831,0.2803730583541074,0.3162795421266273,0.0375744922737868,0.069097101882429,0.1469244457217364,0.0213768084442739,0.0286584001502656,0.0444636136848837,0.0226661524595381,0.0088656488755627,0.0035018762855764,0.0202188597412123,910767.2143598858,37.0,1,연료판매/종합소매점/음/식료품소매
이천시_F_9,202501,573466091.0,12489.0,45917.69485146929,0.3087678417640104,0.137859809006815,0.0584498327754906,0.0866785494772006,0.2163319543485004,0.0095384450898004,0.1014193285075767,0.0136600883046672,0.025305638086273,0.0226247278164271,0.0038087994173412,0.0155549854058969,30619.4816831238,70.3,3,종합소매점/음/식료품소매/연료판매
이천시_M_8,202501,4586933972.0,101255.0,45300.81449804948,0.2745247610485248,0.2584429427614361,0.0506065423646028,0.069193357229694,0.1850296100158312,0.0166881410033638,0.0506295367698345,0.0361262687003944,0.0299229829895015,0.0089530809551365,0.0012440710576563,0.0186387051040237,235506.77727807715,56.2,1,종합소매점/연료판매/음/식료품소매
이천시_F_2,202501,60020485.0,6792.0,8836.938309776207,0.3919437767271327,0.0649393557025131,0.1095970008053754,0.114904641738543,0.0358452502154103,0.0168428392563331,0.0613518968235251,0.0033123595060497,0.0504340142590639,0.1263112039049585,0.0,0.0245176610610947,4138.213207896424,82.6,2,종합소매점/의복/의류/한식
이천시_F_10,202501,34400716.0,556.0,61871.79136690647,0.2458623377367125,0.1973680794073953,0.0390471704660554,0.1554895671506841,0.1952398562847282,0.0048649259899352,0.0897673848062304,0.0,0.0008078281434803,0.0,0.0,0.0715528500147782,1720.0357999999997,89.0,1,종합소매점/연료판매/음/식료품소매
이천시_M_10,202501,24471739.0,615.0,39791.44552845528,0.4501283083164366,0.2248376206375273,0.0266002491958621,0.0524256099201545,0.099030791613747,0.0169407969476226,0.0600499910937267,0.0017760857281949,0.0028660985080115,0.0476984756136889,0.0,0.0176459724250274,1398.6766468874082,89.5,1,종합소매점/연료판매/음/식료품소매
포천시_F_4,202501,6687863391.0,177917.0,37589.79406689637,0.3363746024671866,0.2102839979734783,0.0421906023534415,0.1210231937480054,0.0822400490643193,0.0468486768244324,0.0280655709179168,0.0393168545978104,0.0166928161574952,0.027081648540044,0.0013612839264205,0.0485207034294491,361560.9244258333,51.6,1,종합소매점/연료판매/한식
포천시_F_5,202501,9082365233.0,237015.0,38319.790869776174,0.3246373992602055,0.2266105424629846,0.0465148290111871,0.1126654675428628,0.0808859950554615,0.0308745255110637,0.0288962011073743,0.0446491764353496,0.0198518426503275,0.0339812250503799,0.001214368302532,0.0492184276102709,500412.74619584763,47.0,1,종합소매점/연료판매/한식
포천시_M_7,202501,16725526033.0,340564.0,49111.25671826735,0.1912757388839707,0.3631670535874401,0.0389290305313006,0.0962092964218375,0.0919027308237373,0.0463259210127599,0.0275477044570056,0.0632968248762048,0.0150115686860938,0.0196018783180427,0.0017659029883029,0.0449663494133035,885454.0605656174,37.4,1,연료판매/종합소매점/한식
포천시_M_3,202501,6760571710.0,353045.0,19149.320086674503,0.3898361058367761,0.2056721455443976,0.0253579290773659,0.1137849957677752,0.0632508889392227,0.0330602715856986,0.0166607526352887,0.0381121306365925,0.0111526718984315,0.0385211505374846,0.0014991773956617,0.0630917801453047,377092.33558405534,50.2,1,종합소매점/연료판매/한식
포천시_M_8,202501,4376471278.0,95114.0,46012.90323191118,0.1906554100543636,0.3288244026369211,0.0558948771862206,0.0938580502764683,0.1208797361056769,0.0299891382750556,0.0440110066546308,0.0413387226809279,0.0245078772517809,0.0181059409252357,0.0009024367672706,0.0510324011854474,230709.5834630687,56.6,1,연료판매/종합소매점/음/식료품소매
포천시_F_2,202501,32127307.0,2933.0,10953.73576542789,0.4105338286126782,0.0386938656556683,0.0248920485128177,0.2257661852870231,0.0942649288798613,0.0209233405729994,0.0408501068789793,0.0,0.0022796511232159,0.098035937878059,0.0,0.0437601065986973,2078.809950986199,87.2,2,종합소매점/한식/의복/의류
포천시_M_2,202501,51477939.0,4529.0,11366.292559063811,0.3567194750140238,0.0631413621287122,0.1993180556455873,0.1075983325662017,0.0407764047470656,0.0016716346131212,0.0127135127539999,0.0034972146062333,0.0002648686213251,0.1500689331994384,0.0,0.064230206104291,3732.6828583553634,84.0,2,종합소매점/일반병원/의복/의류
포천시_F_9,202501,462667098.0,9572.0,48335.46782281655,0.2460231290470036,0.233734474253716,0.094565061004485,0.110067228819578,0.1086838403084129,0.0373911667534879,0.0596347295273976,0.0197052184916921,0.0104702165781631,0.0323110561065013,0.0,0.0474138791095621,25375.744284316515,71.2,1,종합소매점/연료판매/한식
하남시_M_6,202501,40043263189.0,980073.0,40857.42918027534,0.4213911520026889,0.1939803944664328,0.0594514767678776,0.0916101750253569,0.0398645226684237,0.0263020267944115,0.0348765491493103,0.0461744876284034,0.0334389500366508,0.021131105621557,0.0034875054183939,0.0282916544204927,2129086.9230317837,21.0,1,종합소매점/연료판매/한식
하남시_M_7,202501,23616820466.0,563717.0,41894.81684249366,0.3697876372384393,0.225589406676973,0.0627596597934688,0.1025944840490147,0.0531242574419419,0.0222521006123735,0.0334632687026791,0.0504466968239213,0.0316206783444596,0.015466524325987,0.003366909399685,0.0295283765910564,1235631.5425359784,30.6,1,종합소매점/연료판매/한식
하남시_M_5,202501,52225829284.0,1318587.0,39607.42012775797,0.4760574964984914,0.1563506237062693,0.0612407242023247,0.0837436977990493,0.0407222648281735,0.0224019258133927,0.0369307196186017,0.0354624127755081,0.0339400703903914,0.0247948662408273,0.0019165959828749,0.0264386021440951,2805531.331911958,15.5,0,종합소매점/연료판매/한식
하남시_M_9,202501,1636663514.0,40883.0,40032.86241224959,0.4124235968713935,0.1237957356435425,0.1071720682215485,0.1105054341961325,0.0695529349658602,0.0055575959005379,0.0653685735016314,0.0282812996830652,0.0320587728754523,0.0114253603566692,0.0010473283154007,0.0328112994687654,84638.09626450932,63.5,1,종합소매점/연료판매/한식
하남시_F_6,202501,31997457801.0,766989.0,41718.27470928527,0.4917248106728349,0.102505091461234,0.1011647802168297,0.0861658620949158,0.0524273142742852,0.0234588082141045,0.0312809209325084,0.0227450524217361,0.0383316730640746,0.0282449308597599,0.001570162560784,0.0203805932269323,1735437.7875415985,25.1,1,종합소매점/연료판매/일반병원
하남시_F_7,202501,21985683260.0,518105.0,42434.80232771349,0.4721905723121166,0.0928493065456087,0.1036964305415391,0.0856671117078088,0.0811688475393421,0.0256560531137269,0.0340775010018629,0.0233555753366635,0.0331711552008558,0.0247897520000765,0.0022352070100575,0.0211424876903411,1181037.1083351444,32.4,1,종합소매점/일반병원/연료판매
하남시_M_4,202501,34118436141.0,1007835.0,33853.196347616424,0.4992719121851984,0.1520633526548009,0.0628539234957204,0.0898634119652898,0.0377893724377371,0.0226541227164974,0.0230715378508853,0.0358532790136139,0.0209955426699319,0.0268287968158837,0.0029652374231633,0.0257895107712773,1843225.2956853877,24.2,1,종합소매점/연료판매/한식
하남시_M_3,202501,10386386670.0,518274.0,20040.33902916218,0.476531077142023,0.1427211861708348,0.0532652837898422,0.1176833632596501,0.0296097380258847,0.0289635605840221,0.0220293468084389,0.0383474828969731,0.0228369121316807,0.0287075695201286,0.0005629726914724,0.038741506979049,564044.521108794,43.8,1,종합소매점/연료판매/한식
하남시_F_3,202501,9002952750.0,363220.0,24786.50060569352,0.4532416194724387,0.0667777557373909,0.1336784554018158,0.1215296163945307,0.0208414019016788,0.0262078751847054,0.045061914401269,0.0221340377797113,0.0421467416620881,0.0377166989588668,0.0004612743260077,0.0302026087794965,501081.88629189774,46.6,1,종합소매점/일반병원/한식
하남시_M_10,202501,81859878.0,1712.0,47815.34929906542,0.5596851079905986,0.0848739635297079,0.0507811602827699,0.1010804176406108,0.0700357877826105,0.0013383560390528,0.0595205257293713,0.0019524364276617,0.010134363555753,0.0147788996028119,0.0,0.0458189814190511,4274.463737769062,82.2,1,종합소매점/한식/연료판매
하남시_F_10,202501,110449422.0,2435.0,45359.105544147846,0.6170086385973199,0.0721600587367106,0.0837124480392129,0.0710028270065262,0.0289025224970034,0.0001125406934477,0.0567168862250629,0.0131260435227044,0.0188459447490621,0.0161092546390524,0.0,0.0223028352938969,5789.359779560121,81.3,1,종합소매점/일반병원/연료판매
광명시_F_6,202501,29289236080.0,779948.0,37552.806187079135,0.2532465042763409,0.0490054821500943,0.1475885389366953,0.0698072103658071,0.1479147358750905,0.0509850093297973,0.0531686434713256,0.0345220845646368,0.051246974475506,0.0226345629416838,0.1003058160824401,0.019574437530582,1563904.1626349888,28.3,4,종합소매점/음/식료품소매/일반병원
광명시_F_5,202501,32504940545.0,783042.0,41511.1073799362,0.2099553209824245,0.0413404255752465,0.1503740828757286,0.0500376324618639,0.1451355597050107,0.0734126138595344,0.0420565459942348,0.033117172619991,0.0510757143283733,0.0189316198345734,0.1670821550549044,0.0174811567081139,1717552.703821502,25.6,4,종합소매점/차량판매/일반병원
광명시_M_6,202501,38216475673.0,881146.0,43371.33196201311,0.176325699765612,0.1007735895602335,0.0883619690600125,0.0728799703003518,0.1069694850549844,0.1051113102125981,0.0428465256046448,0.047196298695872,0.0354894128197943,0.013014607590297,0.1833417103371333,0.0276894209984658,1985429.6488052332,23.3,4,차량판매/종합소매점/음/식료품소매
광명시_M_9,202501,1239282118.0,39276.0,31553.16524085956,0.2042015331093739,0.0486511958563644,0.1657208407198885,0.0897206450659653,0.1414997897186351,0.003828268161509,0.1579112405387147,0.069762273193661,0.0744397453094871,0.0217705927138332,0.0019630154955474,0.0205308601170198,66011.09183727716,65.3,3,종합소매점/일반병원/의약/의료품
광명시_F_8,202501,6605924984.0,207413.0,31849.13666935052,0.2607783548026669,0.0255269181388933,0.1636694590368109,0.0745104933707882,0.2011071235405324,0.0057143570082642,0.108494495756905,0.0401879964162357,0.0600141339260355,0.0438674860662201,0.0010545778349449,0.0150746041017024,373764.0475285172,50.7,3,종합소매점/음/식료품소매/일반병원
광명시_M_3,202501,7255112501.0,432062.0,16791.83196161662,0.2915863926381296,0.0852327085904339,0.0931270845718854,0.1430417942072459,0.1338643410214101,0.045482850311341,0.0366293491250247,0.0361805392117729,0.0343852375526489,0.0258876150027742,0.004495197269716,0.0700868904976168,390928.25893415505,49.8,1,종합소매점/한식/음/식료품소매
광명시_F_11,202501,332085.0,42.0,7906.785714285715,0.5089405538554953,0.0,0.0220624510537882,0.0,0.159439589593561,0.0,0.3095574054971555,0.0,0.0,0.0,0.0,0.0,16.60425,96.3,3,종합소매점/의약/의료품/음/식료품소매
시흥시_F_7,202501,24947032959.0,699479.0,35665.16358461083,0.2488794228149244,0.1221410420491481,0.122070865104684,0.0853520263793623,0.1833133824338792,0.0728867237901668,0.0459416127981739,0.0210727923690741,0.034819783668437,0.035118958580581,0.0025683678757753,0.0258350221357933,1378768.720529326,29.2,3,종합소매점/음/식료품소매/연료판매
시흥시_M_4,202501,43088786849.0,1698625.0,25366.862520568106,0.3439181106885623,0.2179141349825188,0.0699354761732424,0.1010320957991607,0.0622561417356538,0.0499562982320376,0.0277024703065145,0.0392495959835141,0.0206934787302686,0.0270828082798207,0.0043078603908076,0.0359515286978982,2329484.1454362273,17.8,0,종합소매점/연료판매/한식
시흥시_M_6,202501,65057285018.0,1870885.0,34773.534994401045,0.2511339567535509,0.2360396564887394,0.080788057017298,0.0961743391556896,0.0873212730002047,0.0691671067951039,0.0360845378779487,0.053075515253592,0.0287466224307475,0.0220575200289791,0.0042720446194257,0.0351393705787201,3468114.605997328,10.5,0,종합소매점/연료판매/한식
시흥시_F_3,202501,8980473816.0,418623.0,21452.41378519575,0.3466082661248592,0.1327938547765724,0.1043916664522069,0.1295863707682829,0.0582106265925555,0.0269855716518967,0.0521152548394219,0.0178173253077471,0.0406772055455539,0.0469166384109456,0.0018814638869656,0.0420157556429916,512223.7372176352,46.1,1,종합소매점/연료판매/한식
시흥시_F_8,202501,6256211705.0,178730.0,35003.70226039277,0.242683690774995,0.0806395567728781,0.1353903285723656,0.0897734325669308,0.2059720613238157,0.0752770759452715,0.0615015858714661,0.0122255069854275,0.0357579575843067,0.029714293183931,0.0026808090748159,0.0283837013437954,340695.42157346645,52.5,3,종합소매점/음/식료품소매/일반병원
시흥시_M_5,202501,66343706124.0,2155876.0,30773.433223432145,0.2993079034280227,0.2268749862526438,0.0821955771147493,0.0978266122418755,0.075992692327977,0.0419830371704148,0.0342507965200185,0.0426591776627674,0.0320212672881421,0.0267659095724198,0.0035744448523312,0.0365475955686374,3583547.7520221253,9.1,0,종합소매점/연료판매/한식
시흥시_M_8,202501,7742589936.0,223340.0,34667.27830214024,0.1930286266666329,0.2516561441467952,0.106912427397304,0.0831716427519088,0.1364520960133719,0.0446400941704921,0.056749405851133,0.0431992185386072,0.0359834197391205,0.0153003740877985,0.0035178350964832,0.0293887155403524,404899.1751643835,49.3,1,연료판매/종합소매점/음/식료품소매
시흥시_M_3,202501,15634903768.0,902286.0,17328.10191890376,0.395282804868058,0.1808497092919393,0.0560619631808981,0.1302238661080663,0.0495639487634588,0.0247974651595059,0.0260016229950984,0.0320662589571464,0.0251217832879326,0.0328249685879446,0.0022975387391976,0.0449080700607533,858727.47215902,38.4,1,종합소매점/연료판매/한식
시흥시_M_2,202501,217169783.0,25372.0,8559.427045562037,0.5713553970051445,0.0342966898571338,0.0365731847124788,0.1431911504211869,0.0447407930117216,0.0133375012839816,0.033321273354909,0.0034553846372769,0.0200801650577929,0.0538808376041357,0.0067591141330562,0.0390085089211817,12613.682621552254,75.8,2,종합소매점/한식/의복/의류
시흥시_M_11,202501,269551.0,17.0,15855.941176470587,0.490510181226811,0.0,0.138203702441352,0.1803406401854142,0.0,0.0,0.1909454761464226,0.0,0.0,0.0,0.0,0.0,13.477549999999997,96.8,1,종합소매점/의약/의료품/한식
시흥시_F_11,202501,449897.0,4.0,112474.25,0.0,0.0,0.0,0.0,0.2382678702014016,0.7617321297985984,0.0,0.0,0.0,0.0,0.0,0.0,22.49485,95.4,4,제조/도매/음/식료품소매/종합소매점
안산시_M_6,202501,75635433436.0,2070723.0,36526.09906588182,0.2964112466371715,0.1925820326434466,0.1052640638518554,0.0820980595968291,0.0684770920723846,0.043643856498983,0.0384229238963853,0.0613234463261214,0.0387591700515808,0.0378636869618334,0.0034996563222716,0.0316547651411367,4211347.128026492,6.8,0,종합소매점/연료판매/일반병원
안산시_M_4,202501,49344037703.0,1905123.0,25900.70966703987,0.3627108281807141,0.191698586191801,0.0865235382240601,0.0955925418558372,0.0503514606269451,0.0275731141253796,0.0282040386830828,0.0476474407455996,0.0218804663483376,0.0462216732271393,0.0053062172784568,0.0362900945126461,2809316.4831123548,15.1,0,종합소매점/연료판매/한식
안산시_F_6,202501,60924549605.0,1635691.0,37246.97978102221,0.3590031182047521,0.0965822701933994,0.1522865662975142,0.0665751366789469,0.0920995919234113,0.0294458906402414,0.0435332077348717,0.0305068255684091,0.0414135047254074,0.0658513976035413,0.0014875963200385,0.0212148941094662,3648022.491228328,8.7,0,종합소매점/일반병원/연료판매
안산시_M_7,202501,45523303722.0,1226452.0,37117.88453359773,0.2762849155163882,0.1963818256525357,0.120838549158164,0.0789818078892348,0.089791342112306,0.0356238019326463,0.0527723337227534,0.0550599943124099,0.0369054426975085,0.0274258319693119,0.0039708825217314,0.0259632725150096,2463442.3578851274,16.9,0,종합소매점/연료판매/일반병원
안산시_F_7,202501,37573615590.0,969492.0,38755.98312312015,0.3604537999950184,0.0816543147251696,0.1643557252910909,0.0558452673448777,0.1179664288569191,0.0232304912742625,0.0630629172061719,0.0223493036486444,0.0365380181679394,0.0558263865132182,0.002907889785258,0.0158094571914296,2193320.6574939624,19.2,3,종합소매점/일반병원/음/식료품소매
안산시_F_5,202501,49450156464.0,1373606.0,36000.247861468284,0.3615841708039682,0.1035771268766717,0.150484019852105,0.0659170464903046,0.0685415502506335,0.0218817603216878,0.0421771224963584,0.0290712379511968,0.0490939381104213,0.0833894221544354,0.0012278956092065,0.0230547090830104,3091050.819146906,13.7,0,종합소매점/일반병원/연료판매
안산시_M_11,202501,11027.0,2.0,5513.5,0.0,0.0,0.0,0.0,0.0,0.0,0.0,0.0,0.0,0.0,0.0,0.0,0.0,99.5,1,종합소매점/연료판매/일반병원
용인시_F_4,202501,60789311181.0,1794024.0,33884.33553898944,0.3950599038969912,0.1446929882435897,0.1005127855820802,0.0702046970802288,0.0450130881658674,0.0812821484602145,0.032736208559366,0.0247149775493784,0.0316459333803959,0.0508740492709242,0.00276487774246,0.0204983420685032,3503355.3208751595,10.0,0,종합소매점/연료판매/일반병원
용인시_F_5,202501,105618057484.0,2814995.0,37519.8028714083,0.4040506474632004,0.124771954051387,0.1023358379320481,0.0672860367555106,0.0595235699787798,0.0653812870503435,0.0370546099346101,0.0233231962395624,0.0414585066375379,0.0526467256160528,0.0041475036063267,0.0180201247346402,6114969.608069094,2.7,0,종합소매점/연료판매/일반병원
용인시_M_2,202501,723003421.0,97029.0,7451.415772604067,0.4865256783684338,0.0245196037965204,0.0527816723674438,0.1677348627644682,0.039341313132784,0.035074425393744,0.027672668601619,0.0323260904274751,0.0203409693206992,0.0536320048329566,0.0,0.0600507109938553,41966.589495397406,68.9,2,종합소매점/한식/고기요리
용인시_M_4,202501,80465383507.0,2616994.0,30747.25563260749,0.3498392925981131,0.2365308369270695,0.0533019800950796,0.0802385779527341,0.0367334997998356,0.0903176889258546,0.0211143194464841,0.0366218851984732,0.0169403761148361,0.0314402370721269,0.0200220146924179,0.0268992911769746,4402746.785383951,6.4,0,종합소매점/연료판매/제조/도매
용인시_M_5,202501,137114103914.0,3725404.0,36805.1636584918,0.3531703169170193,0.2368867225873311,0.0712821883656528,0.0760216813370301,0.0443988538820321,0.0577239526468757,0.0267861212879068,0.0375312680870758,0.027554308002923,0.0350045171855823,0.0085449703632015,0.025095099337369,7575647.1467264965,0.0,0,종합소매점/연료판매/한식
용인시_M_6,202501,128807839652.0,3418019.0,37684.93962496991,0.311767132435254,0.249260341583185,0.0764670639476131,0.0837354331486318,0.0569312604740976,0.0496388380804072,0.0333945222515495,0.0458368272518305,0.0286571275749095,0.0328319673984657,0.006748441773392,0.0247310440806637,7074744.201418187,1.4,0,종합소매점/연료판매/한식
용인시_M_9,202501,8281011098.0,232683.0,35589.23985851996,0.3571951944095322,0.0871676053747946,0.1320800124993147,0.0930562323684797,0.0947706724998712,0.0275991693231382,0.0905650012680543,0.0270950526804626,0.041247026882496,0.0231862739820579,0.0025236256105181,0.0235141331012801,442851.42372500343,47.9,3,종합소매점/일반병원/음/식료품소매
용인시_F_9,202501,7635361529.0,197145.0,38729.6737376043,0.3937700845944032,0.0449098636441496,0.1220565996535889,0.0779528398979473,0.1184557341265001,0.0699461124440298,0.081997602525568,0.0112565677352673,0.035554594479884,0.0274817277225926,0.0013331292004464,0.0152851439756224,413243.0154405304,48.9,3,종합소매점/일반병원/음/식료품소매
용인시_F_10,202501,461229073.0,9945.0,46377.98622423328,0.3764710985416153,0.0595521935869014,0.204379507857666,0.0884086188533672,0.0850697010463787,0.0266221270027239,0.0558072659502872,0.0521198718269098,0.0264864465578416,0.0117802516623134,0.0,0.013302917113995,23876.462833087313,71.7,3,종합소매점/일반병원/한식
용인시_M_10,202501,538158642.0,13201.0,40766.50571926369,0.3283220648509899,0.0441701893287036,0.2182750941192933,0.1020155456567268,0.0920991510974633,0.0099557035381973,0.1012180046537413,0.018051039435896,0.0372230644079618,0.0248929331306144,0.0,0.0237772097804117,28917.384163345225,70.8,3,종합소매점/일반병원/한식
용인시_F_11,202501,10105556.0,239.0,42282.66108786611,0.4651744881429304,0.036347049466407,0.3571583457697896,0.074062954034225,0.0049661879925591,0.0,0.0150877136751088,0.0,0.0185506249080825,0.0,0.0,0.0286526360108972,505.27779999999984,90.4,3,종합소매점/일반병원/한식
용인시_M_11,202501,1077030.0,112.0,9616.339285714286,0.0677517602878288,0.0,0.0,0.0598230525524781,0.0,0.0,0.0,0.8724251871596931,0.0,0.0,0.0,0.0,53.8515,93.6,1,차량관리/서비스/종합소매점/한식
화성시_F_5,202501,84873572646.0,2197954.0,38614.8084291118,0.310153174751456,0.09339375399786,0.1289317296642177,0.0588135921323836,0.0525394381336309,0.0957054887300141,0.0429182765646558,0.0153529425520003,0.0575265406635529,0.0456980352897099,0.0791049077898767,0.0198621197306416,4825461.959991097,5.5,0,종합소매점/일반병원/제조/도매
화성시_M_3,202501,30899702509.0,1565983.0,19731.825000015964,0.3840127083656648,0.1219311158487615,0.0573965483798365,0.0966861051607746,0.0349522466480979,0.0646432399752803,0.0222175529823386,0.0183788854576586,0.0256669074769258,0.0360933715605936,0.0925368625239264,0.0454844556201409,1712276.2920153707,26.0,0,종합소매점/연료판매/한식
화성시_F_3,202501,17629749693.0,711298.0,24785.32161344472,0.3114464843853893,0.0822796430726514,0.1140718227868473,0.0964756275163184,0.0385428111071219,0.043435906871583,0.0426055285870643,0.0126292521077168,0.0537172791943318,0.0466479381623851,0.1136847080565113,0.0444629981520789,1004846.2056746084,36.1,4,종합소매점/일반병원/차량판매
화성시_F_6,202501,68050652849.0,1583854.0,42965.23091711736,0.3017822360511074,0.1071317848913931,0.0909335874867604,0.0545050138814288,0.061243886182124,0.125584964980587,0.0324652699688052,0.0140011878323479,0.0401318395063776,0.0379019331965354,0.1179409987644028,0.0163772972581298,3789420.3371895114,7.8,4,종합소매점/제조/도매/차량판매
화성시_M_7,202501,63047517509.0,1277762.0,49342.14471004772,0.2075958361528642,0.2208312380601413,0.0522454988142278,0.0519725142025085,0.0483991185283898,0.1696507318181226,0.0279739186949152,0.0291979808930925,0.0217976743078656,0.0197393872997304,0.1349800507135959,0.0156160505145455,3339053.7804095005,12.3,4,연료판매/종합소매점/제조/도매
화성시_F_7,202501,36370975567.0,801448.0,45381.57880111997,0.3141131197513486,0.1062521901422609,0.0874507372212129,0.0515205120854818,0.0825274525623452,0.1432722631623295,0.0366592858412538,0.0170375788368907,0.0284347800122925,0.0369024182999381,0.083391597881179,0.0124380642034665,2019875.3215025386,22.4,4,종합소매점/제조/도매/연료판매
화성시_M_8,202501,13980757197.0,314892.0,44398.57855074121,0.2326773921518826,0.2067171619636902,0.0776369231291743,0.0504517622926921,0.0624199454095272,0.1233447690893038,0.0444903124670457,0.0260544998530618,0.0280018874350852,0.0216581610934285,0.1118907915700926,0.0146563935450156,744457.4835871101,40.2,4,종합소매점/연료판매/제조/도매
화성시_F_9,202501,1722738426.0,46662.0,36919.5153658223,0.3847035295391567,0.0824350486688128,0.1397610328988805,0.0585713308465187,0.1028481774838499,0.0589794394014265,0.0844687407806785,0.0078103236013386,0.0324925938706017,0.028289609848554,0.0008749287403083,0.0187652443198732,93447.26099139775,62.6,3,종합소매점/일반병원/음/식료품소매
화성시_M_9,202501,2253567433.0,56224.0,40081.947798093344,0.2825738671161546,0.1261913768001769,0.1349907979040164,0.0541111226192454,0.0752056221425624,0.1342786351778923,0.078228845293205,0.020257083077119,0.0464241228540665,0.0230716235377088,0.0051937766040837,0.0194731268737684,120477.39056465247,61.2,3,종합소매점/일반병원/제조/도매
화성시_F_10,202501,93424109.0,2097.0,44551.31568907964,0.4219595311129795,0.0400943528920024,0.2014841467525465,0.0494275754564988,0.0673693698274506,0.012876926975048,0.0591288117085061,0.0148597744396901,0.0947855760443818,0.0240549375343619,0.0002265884281647,0.013732408828369,5008.30211592976,81.7,3,종합소매점/일반병원/특화병원
화성시_M_11,202501,5493674.0,24.0,228903.0833333333,0.8162249201372676,0.0,0.0,0.0,0.1290552109043203,0.0,0.054719868958412,0.0,0.0,0.0,0.0,0.0,274.68369999999993,90.9,1,종합소매점/음/식료품소매/의약/의료품
과천시_F_6,202501,4453744149.0,159098.0,27993.71550239475,0.4639629967496198,0.0645778368154733,0.0937847691525348,0.1071732661939064,0.0545705126902723,0.0109206133308627,0.0375103352498211,0.0254598673663433,0.0607783284551443,0.0494328123002254,0.0039587117223584,0.0278699499734376,255711.37223261152,55.3,1,종합소매점/한식/일반병원
과천시_F_7,202501,3280461621.0,110083.0,29799.892998919,0.5497748114211198,0.0597225365951835,0.0806303450461462,0.0827235810127832,0.0517958778936022,0.0068555737290517,0.0382067859318033,0.0118599911706317,0.0452843930934794,0.0370656420623906,0.0029211127525325,0.0331593492912754,182261.94348650932,58.4,1,종합소매점/한식/일반병원
과천시_F_9,202501,358803840.0,12065.0,29739.23249067551,0.540901564728438,0.0249239261297912,0.0912423686827265,0.0812924803908884,0.0612736986856877,0.0032980014840669,0.0649752179915304,0.000497851189914,0.0726669881305486,0.0159495141808523,0.0,0.0429783884055557,18798.604040133632,74.9,1,종합소매점/일반병원/한식
과천시_M_5,202501,6057888887.0,250597.0,24173.828445671737,0.339481946288315,0.1030733682532252,0.0861349703522563,0.1762743003994329,0.0272999274791336,0.0226781046720906,0.0417618483790351,0.0571528947837444,0.041571868703199,0.0585183825539649,0.0044246355426306,0.0416277525929718,356069.12325383164,52.1,2,종합소매점/한식/연료판매
과천시_M_2,202501,33879872.0,5134.0,6599.118036618621,0.4005644527086134,0.0016193490485147,0.1048849061396964,0.2538285747392227,0.0290406199568467,0.0131519630360435,0.0512401392983261,0.0020226344428153,0.0235725719475961,0.0863170245040263,0.0,0.0337577641782983,2132.655061242591,86.8,2,종합소매점/한식/일반병원
과천시_M_9,202501,415738223.0,13827.0,30067.1311925942,0.4570107663404051,0.0499497813571163,0.0850218699422726,0.1098552932064649,0.0740606941944512,0.0055623067459833,0.058113734663473,0.015045616765263,0.0394469773622822,0.009671502025901,0.0019870089163464,0.0942744484800406,21390.033109898344,72.6,1,종합소매점/한식/고기요리
과천시_M_8,202501,1322655713.0,52281.0,25298.975019605597,0.4205651925717522,0.1027021364830014,0.0496617939955859,0.1180795491507185,0.0557502994057831,0.0071526762441219,0.0509605758426455,0.0281506859921112,0.0719353813922153,0.0194552070129612,0.0033426865270672,0.0722438153820361,69992.66675549358,64.8,1,종합소매점/한식/연료판매
과천시_F_3,202501,881967409.0,64245.0,13728.187547669078,0.2907288874108009,0.0364139374896195,0.1454963732655959,0.208881389578752,0.0203697786998377,0.0648524975898073,0.0512986317276428,0.0114417187230919,0.0481106316598843,0.0989803165003661,0.0,0.0234258373546013,57192.98244287416,67.1,2,종합소매점/한식/일반병원
과천시_F_8,202501,1099585172.0,37039.0,29687.226221010285,0.5639870666031037,0.0308865987239857,0.0704750355092096,0.0755253220585849,0.0496631688617515,0.0029355848057442,0.0492409441070021,0.0215214217148876,0.0544887748765229,0.033934236147237,0.0032500525904274,0.0440917940015428,60576.296033597195,66.2,1,종합소매점/한식/일반병원
과천시_M_3,202501,1169318831.0,98450.0,11877.2862468258,0.3802496309977776,0.0767576275994561,0.0701197164307252,0.2015570188662479,0.0453990044371372,0.0331239921559747,0.0358256627728486,0.0177843391496783,0.0251775023299129,0.0724315064481429,0.0016479794143091,0.0399260193977889,71170.27021712669,64.4,2,종합소매점/한식/연료판매
과천시_M_10,202501,37863852.0,984.0,38479.5243902439,0.6967637659058084,0.0060813719712923,0.0271239808643704,0.0821853655557462,0.0351913412283642,0.0022501363286324,0.1265061117501319,0.0011707286777957,0.0006297477355642,0.0032100115856019,0.0,0.018887438396692,1911.4241105393266,88.1,1,종합소매점/의약/의료품/한식
과천시_M_11,202501,825362.0,9.0,91706.88888888888,0.667108493000647,0.0,0.025677217996467,0.0,0.0,0.0,0.307214289002886,0.0,0.0,0.0,0.0,0.0,41.268100000000004,94.5,1,종합소매점/의약/의료품/일반병원
수원시_M_5,202501,137910676725.0,3753289.0,36743.95356312824,0.3169471411771705,0.1234071415409642,0.1400806199960838,0.1075910641447991,0.0563280073445771,0.0168618915920786,0.0484666516705952,0.0669392234462664,0.0509616818910226,0.0258524198361688,0.0062627037888254,0.0403014535714479,7430332.543437724,0.9,0,종합소매점/일반병원/연료판매
수원시_M_8,202501,20609490119.0,559718.0,36821.20303259856,0.229033360563697,0.1073938559235863,0.1921919625811999,0.0809667771866135,0.1340854314722617,0.0108890054716283,0.0860432565155312,0.0521122451136465,0.0642947273564919,0.0161919100856504,0.0040765550747529,0.0227209126549399,1080530.5575876918,35.2,3,종합소매점/일반병원/음/식료품소매
수원시_M_7,202501,72117550589.0,1881285.0,38334.19741772246,0.263596128106862,0.1397160715666537,0.1471062342789185,0.0968528824621217,0.1129442588333816,0.0155112818742523,0.0590902598252833,0.0598903026941546,0.0551195836861717,0.015777112907871,0.0050490076003607,0.0293468761639685,3776548.540192261,8.2,0,종합소매점/일반병원/연료판매
수원시_F_5,202501,110484895158.0,2847523.0,38800.35215097472,0.3281879475430448,0.0671059441231272,0.1976669417731555,0.0910838013808533,0.0662429780429575,0.0120561371624001,0.054944482380176,0.0536640236521011,0.0717411899112911,0.031168473725296,0.0040809752236926,0.0220571050819041,6040791.590666127,3.2,0,종합소매점/일반병원/한식
수원시_F_3,202501,36588969695.0,1577211.0,23198.525558723595,0.3080824888890946,0.0455273439149787,0.1556479814305061,0.167543960326748,0.0321551001568596,0.0089219922078373,0.0500361215908616,0.0734887790763309,0.053670826611598,0.0550133016814794,0.0061203814228506,0.0437917226908546,2131380.488956831,20.5,0,종합소매점/한식/일반병원
수원시_F_8,202501,19813335074.0,552064.0,35889.561851524464,0.2829502026483704,0.0323231710279445,0.2014135016558148,0.0799248486480087,0.1770378720484773,0.0082032131429906,0.079584329737439,0.0275347903620175,0.0563002553769315,0.0347711157918164,0.0015728790030667,0.0183838205571222,1094006.5189120162,34.2,3,종합소매점/일반병원/음/식료품소매
수원시_M_2,202501,778690784.0,87235.0,8926.357356565599,0.4533649321694343,0.0208955635103085,0.0375758258912148,0.2207805574839646,0.0261038281788906,0.008297186413344,0.0297492715160684,0.0564075062821563,0.0204855307093298,0.0640307389533569,1.3749029681525536e-05,0.0622953098622498,46413.561147353306,67.6,2,종합소매점/한식/의복/의류
수원시_M_6,202501,127754345775.0,3357288.0,38052.84079739361,0.2876597983986273,0.1319436898538246,0.1365798533212305,0.1109483970739226,0.0807846519480741,0.0167066610938005,0.0530826593216931,0.0585731579095097,0.0589612202721373,0.0215305480955948,0.0070492046003266,0.0361801581112584,6800310.45166948,1.8,0,종합소매점/일반병원/연료판매
수원시_M_9,202501,4963104627.0,129605.0,38294.08299834112,0.2341235733911009,0.0471091455864393,0.2560309635901006,0.080689197033342,0.1154649887970057,0.0082639745590182,0.1144542012007942,0.0473529121860352,0.0583458763982933,0.014356052402047,0.0015318998116231,0.0222772150441999,258842.81986530795,54.8,3,일반병원/종합소매점/음/식료품소매
수원시_F_9,202501,4490806674.0,119174.0,37682.77203081209,0.2625938254529583,0.0277977919910253,0.1884150066812044,0.0835033139451948,0.1512317392203352,0.0440063952263451,0.1026618603919285,0.0416136479027007,0.0515735763127089,0.0260478392528229,0.0005619933617801,0.0199930102609951,242086.70525397826,55.7,3,종합소매점/일반병원/음/식료품소매
수원시_F_10,202501,217696844.0,5489.0,39660.56549462562,0.2599721626347883,0.024963420704815,0.2558530858968803,0.12330928098042,0.1197357266639672,0.0080393888838736,0.1176741701452565,0.0322605208743945,0.0187694610429174,0.0261873722887539,0.0025299790025744,0.0107054308813583,11739.978444987211,77.2,3,종합소매점/일반병원/한식
수원시_M_10,202501,242136758.0,5679.0,42637.21746786406,0.2451382783510518,0.0385425944417723,0.2298705891705553,0.0855638075012202,0.109449139654807,0.0172488546357291,0.1532529592737424,0.0532004722451087,0.0339633463736829,0.0138435307415349,0.0044001263201227,0.0155263012906723,12609.642047954287,76.3,3,종합소매점/일반병원/의약/의료품
수원시_M_11,202501,2038520.0,49.0,41602.44897959184,0.2747451096755635,0.0837048358057333,0.0,0.1820801590145039,0.0749021546387544,0.0,0.3318604969073674,0.0,0.0527072439580772,0.0,0.0,0.0,101.92599999999996,91.8,3,의약/의료품/종합소매점/한식
수원시_F_11,202501,512024.0,23.0,22261.91304347826,0.5488683396184435,0.0,0.0060368842502934,0.0,0.3444929039933342,0.0,0.0945649878876354,0.0,0.0060368842502934,0.0,0.0,0.0,25.6012,95.0,3,종합소매점/음/식료품소매/의약/의료품
안양시_M_5,202501,58207515842.0,1795503.0,32418.50102283316,0.2845469889855175,0.0830179187573277,0.1254303202779446,0.0997875537422352,0.1151511841137869,0.0282152782159853,0.048366255334402,0.0896554210097576,0.0496833475305437,0.0367984532373827,0.0020869334889003,0.037260345306216,3231667.7745664064,12.8,0,종합소매점/일반병원/음/식료품소매
안양시_M_6,202501,62041292369.0,1763917.0,35172.45560250284,0.2757213594241916,0.0831465782565937,0.1227680436390961,0.1040729247348674,0.1260026978965565,0.0304264810453471,0.0494760915409521,0.0778708378770296,0.0580204024058857,0.0339634392698868,0.0026428012474515,0.0358883426621412,3418134.9682899714,11.4,0,종합소매점/음/식료품소매/일반병원
안양시_F_4,202501,34008292991.0,1031150.0,32980.936809387575,0.3563513260920657,0.0463196330361295,0.2076896233579922,0.0838182906879993,0.060195390664694,0.0156347998228337,0.0581948061552219,0.0404542913278488,0.0588454497730273,0.0423333952002229,0.0008381493170747,0.0293248445648896,1916367.6256409453,23.7,0,종합소매점/일반병원/한식
안양시_F_10,202501,180219216.0,3912.0,46068.30674846626,0.2614424921001935,0.012773695476113,0.3458689967148289,0.058608762396838,0.1243958487538828,0.0115170092642176,0.1036472211098474,0.0084854230101626,0.0220318908052192,0.0094134620684742,0.0,0.0418151983002223,9265.433813073918,79.0,3,일반병원/종합소매점/음/식료품소매
안양시_F_7,202501,38727429858.0,1058207.0,36597.21572244372,0.4109005889904062,0.0308736824243779,0.1520867405290274,0.068408709053532,0.1320187088811844,0.0181510580580763,0.0561318609424329,0.0254666917314335,0.0501208182945955,0.0387327817602753,0.0009746850349707,0.0161336742996874,2161374.656223941,19.6,3,종합소매점/일반병원/음/식료품소매
안양시_M_9,202501,2585223423.0,72265.0,35774.211900643466,0.2433051472997477,0.0294557460929044,0.2537041091880153,0.0767182291670029,0.1011001515256826,0.0200106766961746,0.1433655980489589,0.0272487667914853,0.0631240342701316,0.0188776716981199,0.0013588969382723,0.0217309722835042,136581.6210068525,60.7,3,일반병원/종합소매점/의약/의료품
안양시_F_8,202501,12068779559.0,330215.0,36548.24753266811,0.3772674993285168,0.0165030974061568,0.1660583568947268,0.0663318795351448,0.1485320045186515,0.0178742980830977,0.084642091304349,0.0169857756782412,0.054492700878924,0.0362428432158335,0.0001561459212979,0.0149133072350593,669050.0107544935,41.6,3,종합소매점/일반병원/음/식료품소매
이천시_F_8,202501,2976408097.0,64629.0,46053.7544600721,0.3567347859262795,0.1078020750306701,0.0716140717088835,0.0686744834451881,0.2131294372735821,0.0141804436080524,0.0618657705258749,0.0115867758096765,0.0300344801539188,0.0457806874664469,0.0047031637880647,0.013893825263362,169259.7061792038,58.9,3,종합소매점/음/식료품소매/연료판매
이천시_F_5,202501,20724002548.0,526053.0,39395.27490195855,0.5127884693361922,0.1320731260057424,0.0584790385977306,0.0674937843391535,0.0954717681002298,0.0144693961376701,0.0283896421433818,0.018106618214208,0.0264293079165387,0.0247886152294915,0.0023824580088534,0.0191277759708075,1113258.0261766058,33.8,1,종합소매점/연료판매/음/식료품소매
이천시_M_3,202501,11236093015.0,569419.0,19732.557246948207,0.4583964777660055,0.1552293385877004,0.0373082634362392,0.1144681138428647,0.0647242382426663,0.0181554718321069,0.0205415156535642,0.0191734773560521,0.0207814134682611,0.0377164109758679,0.0017239638736312,0.05178131496504,625372.4160375226,42.9,1,종합소매점/연료판매/한식
이천시_F_3,202501,5325525192.0,215136.0,24754.22612672914,0.4525065832075181,0.1162756303747645,0.0764659516833921,0.1140891046954274,0.0745277887007685,0.0134348386726444,0.0346377812908059,0.0165495350282972,0.029068090694576,0.0331253538543835,0.0009491133046945,0.0383702284927274,292737.7455668149,53.9,1,종합소매점/연료판매/한식
이천시_M_4,202501,23205773329.0,830585.0,27939.07105112661,0.4602227477499253,0.2071200445767147,0.0407845311071122,0.0880283042481465,0.0749183657975712,0.0120222723748017,0.0193025193970079,0.0264202711804069,0.0131203902643543,0.0207646706824028,0.0019096854584822,0.0353861971630738,1232567.702616075,31.1,1,종합소매점/연료판매/한식
이천시_M_9,202501,819765848.0,18616.0,44035.55264288784,0.2512933782977841,0.163368573190855,0.0847074710805979,0.0733302310850362,0.2376912490310151,0.0080486610761531,0.097288810336218,0.0141418946421838,0.0370876542853024,0.0101972380687772,0.0026826154752163,0.0201622234308606,42242.19452690634,68.5,3,종합소매점/음/식료품소매/연료판매
이천시_M_2,202501,86158633.0,10201.0,8446.096755220076,0.5464495065211893,0.0242754561115016,0.0376546717837291,0.080742136648805,0.031532390350203,0.0325179422783359,0.0334313465720855,0.0056502944885219,0.0063197982846984,0.1659391991900496,0.0,0.0354872577708802,6452.495834499406,80.8,2,종합소매점/의복/의류/한식
이천시_M_11,202501,112528.0,2.0,56264.0,0.0,0.0,0.0,0.0,0.0,0.0,1.0,0.0,0.0,0.0,0.0,0.0,5.6264,98.2,3,의약/의료품/종합소매점/연료판매
포천시_F_7,202501,9784810348.0,196725.0,49738.52000508324,0.2820670386473355,0.2089983149702145,0.0596811284829601,0.0977862348499116,0.1213990866592062,0.0485008942334391,0.033260049861915,0.0417517145089723,0.0289643034311685,0.0360649071865756,0.0016235728323495,0.0399027543359515,542173.7589558294,44.3,1,종합소매점/연료판매/음/식료품소매
포천시_M_5,202501,15694560695.0,413770.0,37930.63947362061,0.2692407377625768,0.3229785416625054,0.0330515249824571,0.1033888973497278,0.0642992229000602,0.0470167247889168,0.0175096964360715,0.061994761142248,0.0108060383331776,0.0219124684665507,0.0008702855647453,0.0469311006109623,836314.0196988326,39.7,1,연료판매/종합소매점/한식
포천시_M_6,202501,21527845050.0,468934.0,45908.049000499006,0.2238709907472773,0.3376350014638483,0.0326094888894159,0.1027486698729583,0.0738446348879731,0.0462998567508014,0.0203225000583849,0.0818898925932732,0.014069500381435,0.0218776241143557,0.0012655850737223,0.0435662551665539,1147038.9677993981,32.9,1,연료판매/종합소매점/한식
포천시_F_6,202501,13255466530.0,287521.0,46102.60304464717,0.2851812724612741,0.2182597096410483,0.0509404217917084,0.1094051622697897,0.1021014602514077,0.0605026863456791,0.0284867017920668,0.0468042437908168,0.0191623985273146,0.0305082072779437,0.0009627226884612,0.0476850131624891,723433.4045694624,40.6,1,종합소매점/연료판매/한식
포천시_M_4,202501,11681925897.0,387092.0,30178.68077097951,0.3451695597969398,0.2653252247507644,0.0281939605726836,0.1168645872005689,0.0607208916386496,0.0334316089998101,0.0156598693079543,0.045383651784007,0.0086100423435249,0.0289451121690284,0.001569621471734,0.0501258699643345,634816.4931658411,42.5,1,종합소매점/연료판매/한식
포천시_F_3,202501,2628100344.0,98509.0,26678.784111096447,0.3810087071164328,0.1899422077657977,0.039860055763793,0.1291800986791832,0.0710028669349627,0.0303047795019177,0.0256216887846092,0.0248694773356592,0.0194807103331001,0.0335929413977069,0.0008624244343753,0.0542740419524616,144647.86032649275,60.3,1,종합소매점/연료판매/한식
포천시_F_8,202501,2788772574.0,56143.0,49672.6675453752,0.2694104902167759,0.1806851546428246,0.0677831839366501,0.1081014168926448,0.1430456398210025,0.050582047105278,0.0453102721331812,0.0253136420006625,0.0342044717511799,0.0266115499578301,0.0014549907778918,0.047497140764078,150570.66280110402,59.8,1,종합소매점/연료판매/음/식료품소매
포천시_M_9,202501,710104485.0,15258.0,46539.81419583169,0.2067379150696661,0.2291341132498462,0.0934539186327717,0.0992844467314083,0.1350098284650341,0.0197708722445006,0.0732089733583482,0.0187586143110456,0.0284043165037969,0.0151045955245683,0.0025736509154987,0.0785587549935148,37114.10040391602,69.4,1,연료판매/종합소매점/음/식료품소매
포천시_F_10,202501,16620948.0,249.0,66750.7951807229,0.2053211573136465,0.415447592642044,0.01026707328889,0.0911401038848098,0.0664688646874357,0.0889178409636048,0.0142933924676423,0.0,0.0,0.0146299960298798,0.0,0.0935139787220467,867.5220604879256,90.0,1,연료판매/종합소매점/고기요리
포천시_M_10,202501,34145030.0,437.0,78135.08009153318,0.1629262913293447,0.1038653473967992,0.2491154282358988,0.0850365974453708,0.076141418167388,0.0479347266971874,0.0634525010356266,0.0,0.0,0.0040015070271503,0.0,0.2075261826652338,1727.746236623088,88.6,1,일반병원/고기요리/종합소매점
포천시_M_1,202501,2403282.0,147.0,16348.857142857143,0.339452943670913,0.2959569220114771,0.0,0.1859986500490549,0.1278032183031267,0.0,0.0,0.0035093706167368,0.0,0.0472788953486913,0.0,0.0,137.20777772570898,91.3,1,종합소매점/연료판매/한식
포천시_M_11,202501,1611980.0,14.0,115141.42857142857,0.0,0.9341480663531806,0.0018616856288539,0.0,0.0,0.0,0.0639902480179654,0.0,0.0,0.0,0.0,0.0,80.59899999999999,92.2,1,연료판매/의약/의료품/일반병원
포천시_F_11,202501,132261.0,4.0,33065.25,1.0,0.0,0.0,0.0,0.0,0.0,0.0,0.0,0.0,0.0,0.0,0.0,6.61305,97.7,1,종합소매점/연료판매/일반병원
하남시_M_8,202501,8704243346.0,217946.0,39937.61457425234,0.4007747573710019,0.1876453763117767,0.0681776477614239,0.1028387245161294,0.0629950929247299,0.0143620845074205,0.0463148227897657,0.0431560978307009,0.0278910185572901,0.0134448002541702,0.0049341278343524,0.0274654493412379,452766.1892725989,47.5,1,종합소매점/연료판매/한식
하남시_F_4,202501,30352417739.0,796025.0,38129.98051443108,0.4995562371227094,0.0840596343142761,0.141227831107278,0.0853167261498678,0.0319522157366592,0.0159452937293941,0.0361834488835276,0.016847769090176,0.0394749402424528,0.0280821300632254,0.0008674412443521,0.0204863323160808,1645474.9683519911,27.4,1,종합소매점/일반병원/한식
하남시_F_9,202501,1535201026.0,34636.0,44323.85454440467,0.4417615876801697,0.0523665584955937,0.126363083858172,0.0951767010258679,0.0760882831632811,0.0153379040183714,0.0655447355544113,0.0359791050807208,0.0283148606145639,0.0376575228656916,0.0017870671053391,0.0236225905378169,85431.8314610042,63.0,1,종합소매점/일반병원/한식
하남시_F_8,202501,8036142244.0,187132.0,42943.70948848941,0.476587636119844,0.0544811269752742,0.0931561259165937,0.0838920271937193,0.096365368118088,0.022952393960958,0.0506386377391495,0.0396838555346131,0.0320712005059544,0.0281031196683565,0.0012076920185783,0.0208608162488704,435683.21227325976,48.4,1,종합소매점/음/식료품소매/일반병원
하남시_F_5,202501,42454073527.0,1028680.0,41270.43738285959,0.5002098879567597,0.088152831501623,0.1196893827326143,0.0776624945996004,0.04111910531813,0.0192381637799876,0.0367977324513686,0.0182298594559342,0.0501237778881976,0.0281590625957847,0.0015106535809697,0.0191070481390297,2302023.7134339246,18.7,0,종합소매점/일반병원/연료판매
하남시_M_2,202501,199259406.0,24049.0,8285.558900577988,0.4394547278802861,0.0165912580883103,0.0355552028556688,0.1494266281808814,0.0425802951559535,0.0933872035375751,0.0560317085890655,0.0172526954046195,0.0134079704402248,0.0669722831428073,0.0,0.0693400267246074,11964.698903624936,76.7,2,종합소매점/한식/제조/도매
하남시_F_2,202501,158254877.0,19293.0,8202.709635619136,0.4124901679426901,0.0069589628937849,0.0512557901356477,0.1516908855621408,0.0204854327501328,0.1585025805254054,0.0654708508366929,0.0089230035984583,0.0312591197325504,0.0608481024195246,0.0,0.0321151036029715,9357.170194612787,78.5,2,종합소매점/제조/도매/한식
하남시_F_11,202501,194754.0,9.0,21639.33333333333,0.0,0.0,0.0,0.0,1.0,0.0,0.0,0.0,0.0,0.0,0.0,0.0,9.7377,97.3,3,음/식료품소매/종합소매점/연료판매
광명시_F_7,202501,19841418087.0,565335.0,35096.744562073814,0.2545129461632496,0.0445632425384506,0.1623063655057145,0.0737533357432188,0.1726230236420996,0.0362728502055035,0.0715230174916083,0.0376343333850771,0.0435560337455228,0.0319126649932465,0.0547180477999358,0.0166241387863723,1087049.7836102056,34.7,3,종합소매점/음/식료품소매/일반병원
광명시_M_7,202501,23289078948.0,550467.0,42307.85668895683,0.1612962568440504,0.1144996758527405,0.0994371481743994,0.0777780310530125,0.1018563549307173,0.1620851163640437,0.0560224134479135,0.0544311697891812,0.0303637524921953,0.0148618591498923,0.1013968043273441,0.0259714175745093,1216371.7990583843,31.5,4,제조/도매/종합소매점/연료판매
광명시_M_4,202501,29354221281.0,705423.0,41612.2259708005,0.1478729051254708,0.0689647952624561,0.07861346351708,0.0569634381418145,0.0877890862452284,0.1150743050838133,0.0214376571501861,0.0294524025877061,0.0160088264719245,0.0124659067567639,0.3387013118024519,0.0266559018551039,1522600.1118609533,28.8,4,차량판매/종합소매점/제조/도매
광명시_F_3,202501,5904118002.0,275575.0,21424.72285947564,0.2236531159933228,0.0383560422397479,0.1578724457849183,0.1082375613989608,0.0928447178438974,0.0748745968290079,0.0619444580146737,0.0195259557995199,0.0539574417283361,0.0302112792936392,0.0949220926447625,0.0436002924292129,321961.5437911536,53.0,4,종합소매점/일반병원/한식
광명시_M_5,202501,48589737565.0,906842.0,53581.260644081325,0.1317574858944628,0.0644959962335355,0.0676376040158225,0.044059338341563,0.0869429333869553,0.1489352089499131,0.0267385513761784,0.0322085310727214,0.0240581575322977,0.0097829652008029,0.3441662118217609,0.0192170161739861,2500789.6350071803,16.4,4,차량판매/제조/도매/종합소매점
광명시_F_4,202501,19703420886.0,537115.0,36683.80307010603,0.1935611287253533,0.0460679567311619,0.1879951475570861,0.0568359816839387,0.1564842591544168,0.0989402377400915,0.0430651324396464,0.0383989447929286,0.0422185268661911,0.0183420526107145,0.0959644001681422,0.0221262315303284,1039381.2216753091,35.6,4,종합소매점/일반병원/음/식료품소매
광명시_M_8,202501,6914314355.0,201858.0,34253.35807845119,0.1834704891389633,0.1071031917888855,0.1146965746512288,0.080507821144703,0.1276467554538774,0.0755265248433244,0.0944463154242572,0.0754102362966012,0.0482231034312174,0.0200547230604214,0.0487336071684409,0.0241806575980791,366515.4166813331,51.1,3,종합소매점/음/식료품소매/일반병원
광명시_F_9,202501,1309329776.0,40232.0,32544.486379001788,0.2284389757683432,0.0235921192652002,0.1660225437702643,0.0750505618917273,0.1730171672028144,0.0029915850879683,0.1621519562433112,0.0441623315457769,0.0629317573174135,0.0456165386965287,0.0001336361353539,0.0158908270752975,74425.55265901315,63.9,3,종합소매점/음/식료품소매/일반병원
광명시_F_2,202501,131367068.0,15985.0,8218.146262120737,0.3538062266963635,0.0074605722457405,0.076384931932088,0.1763332707477335,0.0680308667361265,0.0181963668334747,0.0789993621902137,0.0145899422321783,0.1072949588697493,0.0439691562869922,0.0,0.0549343452293393,7434.768271578387,79.9,2,종합소매점/한식/특화병원
광명시_M_2,202501,165063901.0,22038.0,7489.967374534895,0.444017622508131,0.0108626947705636,0.0767170433109819,0.210927839206189,0.0534360812259264,0.0238770849566808,0.03793271960433,0.0179486236933978,0.0147920208673164,0.0466366089028484,0.0006961590352958,0.0621555019183384,9407.898139237319,78.1,2,종합소매점/한식/일반병원
광명시_F_10,202501,64227494.0,2160.0,29734.950925925925,0.2936298497673333,0.0608405364617108,0.1111422976660903,0.0735511999667166,0.1852461343394472,0.0,0.1481509176243248,0.0022438532715178,0.0962489453841493,0.021405205073461,0.0,0.0075410604452486,3417.5951020636726,85.4,3,종합소매점/음/식료품소매/의약/의료품
광명시_M_10,202501,67652618.0,2170.0,31176.321658986177,0.1726351502163431,0.0251908560977366,0.1934087912248043,0.1010746125598193,0.227544014134319,0.0010170756648447,0.2013113581869394,0.0010884188996624,0.0488719465862927,0.0196994056912521,0.0,0.008158370737986,3582.538355208594,84.5,3,음/식료품소매/의약/의료품/일반병원
시흥시_F_5,202501,41837105957.0,1316477.0,31779.595053312743,0.3017510113351871,0.1358548386370857,0.1250355160176409,0.0935808482394666,0.115198950631789,0.04868674723437,0.0436276987972829,0.0228680077889117,0.0436990484660558,0.0370773065194408,0.0019404619971666,0.0306795643356022,2324536.3780681,18.3,0,종합소매점/연료판매/일반병원
시흥시_F_6,202501,42619423557.0,1227840.0,34710.893566751365,0.2779987297007799,0.1374833000133639,0.1247298705735761,0.0901474898410618,0.1386068519593161,0.0617671182009774,0.0406931345663519,0.0267176086848645,0.0368716599541804,0.0345021108166434,0.0018779047888427,0.0286042209000414,2351540.189025761,17.4,0,종합소매점/음/식료품소매/연료판매
시흥시_M_7,202501,38147739442.0,1037414.0,36771.9535710912,0.2037469560140255,0.2739529838378461,0.0879510467841405,0.0910027531506788,0.1062321902247943,0.058533671940894,0.0397961718054616,0.0520503127942616,0.0289759728122055,0.0195362583239373,0.005845942658417,0.0323757396533373,2019176.5859319735,22.8,1,연료판매/종합소매점/음/식료품소매
시흥시_F_4,202501,29727372677.0,988027.0,30087.611651301027,0.312480911559736,0.1483407506260952,0.1291342102090096,0.0979017654425625,0.0907239330274822,0.0414105716301375,0.0478476614183287,0.0226018146922454,0.0385551428379112,0.0369778795789141,0.0025162822888405,0.0315090766887365,1651256.9149071404,26.9,1,종합소매점/연료판매/일반병원
시흥시_M_9,202501,1211543423.0,34464.0,35153.882979340764,0.2085309617377734,0.107274184245009,0.1784046430011481,0.0872822604373923,0.1495352883446047,0.0499810473718302,0.0970889367828195,0.0363989874240083,0.0375680725151581,0.0121395142387916,0.0020536919256844,0.03374241197578,62783.3034451634,65.8,3,종합소매점/일반병원/음/식료품소매
시흥시_F_9,202501,1106472624.0,32508.0,34036.93318567737,0.2344482280516571,0.0704272143549201,0.1376792278400029,0.0953617307229466,0.2242745160383572,0.0421000491140589,0.0844281357610856,0.0242429180877096,0.0321786852982569,0.0244391966850385,7.44344397233618e-06,0.0304126546019936,59379.82651268197,66.7,3,종합소매점/음/식료품소매/일반병원
시흥시_F_2,202501,168887876.0,19201.0,8795.7854278423,0.4506094341456984,0.0509870025512672,0.0419996613500014,0.1761064813574168,0.0616989430752026,0.0222421909653603,0.0718668423902577,0.0029053091490102,0.0075785246580547,0.0870741361449402,0.0,0.0269314742127901,10650.258686208064,77.6,2,종합소매점/한식/의복/의류
시흥시_M_10,202501,65753818.0,1198.0,54886.32554257095,0.42463565656582,0.0341333963074929,0.1060896048245682,0.082911375911701,0.1532205154140218,0.031032170557891,0.0611321294557497,0.0108299020144362,0.0023761243107034,0.0495713749376144,0.0,0.044067749700001,3776.616974848648,83.6,1,종합소매점/음/식료품소매/일반병원
시흥시_F_10,202501,67040898.0,1495.0,44843.410033444816,0.1975596015480032,0.1124207904786664,0.3549884083627316,0.0550194521923491,0.1595497980720954,0.0055175069731142,0.0570607040176681,0.0076945180928117,0.0197969739672104,0.0117146480601181,0.0,0.0186775982352313,3469.8489788556394,84.9,3,일반병원/종합소매점/음/식료품소매
안산시_M_5,202501,66746804558.0,2023250.0,32989.894752502165,0.3412673793233868,0.1921772440434455,0.0989868804129948,0.0799312127063971,0.0552288621452108,0.0281382716186927,0.0339053696767596,0.053849770750944,0.0314384425870235,0.0479709940926782,0.003818651102738,0.0332869215397284,3817626.8129735426,7.3,0,종합소매점/연료판매/일반병원
안산시_M_8,202501,9958768203.0,276787.0,35979.89863324506,0.2665623814852222,0.1658572256964801,0.1585164801561617,0.0660236328896544,0.0980170245546679,0.0265203194985614,0.082059915656229,0.0503636548674788,0.0372042296327039,0.0261003936906396,0.0035323182407548,0.0192424236314457,536927.5757658184,44.7,3,종합소매점/연료판매/일반병원
안산시_F_4,202501,35439303239.0,1112809.0,31846.707960665302,0.3578349532571561,0.1136494360017836,0.1654850218272415,0.0759171535614659,0.0529885437866797,0.0232273209378183,0.0504477151518355,0.0277087197251842,0.0368648586465168,0.068565066763742,0.0014001988461724,0.0259110114944035,2136449.8908463786,20.1,0,종합소매점/일반병원/연료판매
안산시_M_9,202501,1821213645.0,50418.0,36122.29055099369,0.248676466465241,0.0840121792691814,0.2027667277809678,0.0606137667280394,0.1147903205673947,0.0330129089205765,0.1283267696795327,0.0269153506693406,0.0566570504356222,0.0255070066478822,0.0006263054705595,0.0180951473656614,98028.73853253425,61.6,3,종합소매점/일반병원/의약/의료품
안산시_F_3,202501,13766856574.0,668314.0,20599.38378367055,0.3224922610751355,0.088544481196716,0.1484645698245137,0.1307367809573612,0.0390462133118602,0.0194354231386092,0.0532309257584103,0.0274463552299567,0.0546033820239493,0.0758996835791903,0.0018634764364507,0.0382364474678464,845077.8373770041,39.3,2,종합소매점/일반병원/한식
안산시_F_9,202501,1740264660.0,49299.0,35300.20203249559,0.3052178465834776,0.0472558093900696,0.2119752135289395,0.056856842115909,0.1301367744043143,0.0409936458440979,0.0992094044716592,0.0177149692842302,0.0374976523950175,0.0370758582643238,0.0006916670023751,0.0153743167155859,96691.50388148573,62.1,3,종합소매점/일반병원/음/식료품소매
안산시_M_3,202501,21715121354.0,1274909.0,17032.68339465797,0.3636380303397745,0.148035302581773,0.0745211706047439,0.1458796170301947,0.0401354693314402,0.0177061424271716,0.0266913168892136,0.0424379397794685,0.0321898402706402,0.0584519800811841,0.0029597289158734,0.0473534617485219,1276149.843826675,30.1,2,종합소매점/연료판매/한식
안산시_F_8,202501,9114550005.0,241442.0,37750.47425468643,0.3368837233138627,0.0643264391783221,0.1682416377090336,0.0557131529453389,0.1268906114470683,0.031500313359425,0.0814794885799156,0.0201955502668469,0.0527201150603108,0.0465600079256151,0.0010362391509825,0.014452721063278,519383.528320682,45.7,3,종합소매점/일반병원/음/식료품소매
안산시_M_2,202501,331858657.0,35918.0,9239.34119383039,0.505159993915998,0.0329084770538781,0.0263659091270295,0.176815114229543,0.0498012070954958,0.0171609627694136,0.0351488184661114,0.0113510724031254,0.0082138123254996,0.0719829446075868,0.0,0.0650916880063184,20176.157348656863,74.0,2,종합소매점/한식/의복/의류
안산시_F_2,202501,288372125.0,28463.0,10131.473316235111,0.3587429554360462,0.0371382324029152,0.0388948080994509,0.1591712038805388,0.0334871790449968,0.0139693229939215,0.0433384215785064,0.0960758622488894,0.0741558817227475,0.1068744063092125,0.0,0.0381517262827742,19041.546198325144,74.4,2,종합소매점/한식/의복/의류
안산시_F_10,202501,130976389.0,2027.0,64615.880118401576,0.1712177861072022,0.0259354297682977,0.5788429100119776,0.0299814194802418,0.0599431819916536,0.007089925705608,0.0546469003214433,0.0067808763322625,0.0482840315225174,0.0016634312550672,0.0,0.0156141075037283,6581.499982870763,80.4,3,일반병원/종합소매점/음/식료품소매
안산시_M_10,202501,79539011.0,2078.0,38276.71366698749,0.1633312519723728,0.0297348517162267,0.4206493612979542,0.0574545229585733,0.089071283810199,0.0371099151298166,0.139569598325157,0.0007712277030575,0.0348251386752258,0.0112752830427917,0.0,0.0162075653686249,4111.4742792953075,83.1,3,일반병원/종합소매점/의약/의료품
안산시_F_11,202501,1409215.0,48.0,29358.64583333333,0.1094221914145665,0.0,0.7650446135864762,0.0636263111383178,0.0479406632548188,0.0,0.0,0.0,0.0,0.0,0.0,0.0139662206058205,70.46074999999999,92.7,3,일반병원/종합소매점/한식
용인시_F_2,202501,610812039.0,84543.0,7224.86828004684,0.4817032985352971,0.0154633585818448,0.0428422795114571,0.1527925367389636,0.03807837667145,0.0504428422104527,0.0603754053017881,0.0312126849626926,0.0166686229704157,0.0716348020070619,0.0,0.0387857925085759,37103.911871594195,69.9,2,종합소매점/한식/의복/의류
용인시_F_3,202501,19384380206.0,1048859.0,18481.397600630786,0.397575361062734,0.1300937077334149,0.0786506859892834,0.1118168854293971,0.0367914549838182,0.0399633363258342,0.0419119652970916,0.0327714410202858,0.0360624570344825,0.0584185536435011,0.0016026143777249,0.0343415371024318,1139080.1285365345,33.3,1,종합소매점/연료판매/한식
용인시_F_6,202501,94010713778.0,2544023.0,36953.56283256873,0.3985035542228092,0.1298153231968053,0.0947255328210228,0.0719797936911722,0.07876173530346,0.0556645803446355,0.0343028157746701,0.0258278082768305,0.0398998151913454,0.0499134801886477,0.0037431909116909,0.0168623700769099,5404395.973851822,4.6,0,종합소매점/연료판매/일반병원
용인시_F_7,202501,52143722092.0,1334499.0,39073.63144670772,0.4101285652832775,0.1107791550945968,0.0911805622392424,0.0668204925641062,0.1006054552925655,0.0551480551842874,0.0369444951861465,0.0237166808173398,0.0374961363759319,0.0497397790576161,0.0026552046538018,0.0147854182510876,2996228.687014672,14.2,0,종합소매점/연료판매/음/식료품소매
용인시_F_8,202501,22989300817.0,636855.0,36098.171195955125,0.4430102927720813,0.0641846738925372,0.1103351684285893,0.0680482673908192,0.1185361815562599,0.0256207567327225,0.0591012414534789,0.0162540947077364,0.0366310419881645,0.0414676216812196,0.0016632697162721,0.0151473896801187,1292461.785199266,29.7,1,종합소매점/음/식료품소매/일반병원
용인시_M_3,202501,28344407471.0,1717226.0,16505.927275151902,0.3931605409482492,0.1966147198082459,0.0377523375322029,0.1186228475984809,0.0360969768032145,0.0399153826515295,0.021925356465161,0.0406841937508309,0.0188740349778366,0.0444534811959146,0.0060390529400225,0.0458610753283108,1606221.5112282152,27.9,1,종합소매점/연료판매/한식
용인시_M_7,202501,65488922570.0,1675423.0,39087.99304414467,0.2842005819377869,0.2540513318685151,0.0791456849136066,0.0821222768280069,0.0691573212205658,0.063264486674699,0.0370366421324579,0.0440518971439713,0.0280377734416731,0.0244606844317583,0.0137964752714955,0.0206748441354633,3514731.7088140924,9.6,0,종합소매점/연료판매/한식
용인시_M_8,202501,22119595941.0,617762.0,35806.01581353337,0.3248104265469881,0.1855160953870013,0.0988367729182534,0.0832812917042521,0.0850982997593305,0.045021804115521,0.0545095044059886,0.0338422198971406,0.0356350062247362,0.0250651937255195,0.0075948716643608,0.0207885136509073,1189144.5906587061,32.0,1,종합소매점/연료판매/일반병원
용인시_F_1,202501,3183.0,2.0,1591.5,1.0,0.0,0.0,0.0,0.0,0.0,0.0,0.0,0.0,0.0,0.0,0.0,0.15915,99.1,1,종합소매점/연료판매/일반병원
화성시_M_4,202501,94950050631.0,3175416.0,29901.60994055582,0.3229027908018552,0.1375584812668626,0.0787245970681212,0.0741411130139624,0.0385539686413113,0.080974631141127,0.024389731083024,0.0205707855496247,0.0266011880704947,0.0304781303440469,0.1301228351153796,0.03498174790419,5181587.5344458185,5.0,0,종합소매점/연료판매/차량판매
화성시_M_6,202501,117125150038.0,2747626.0,42627.76303543495,0.2563041636363937,0.1940685993483859,0.0595401305370679,0.0622151280042149,0.0443112743481359,0.1119035729947393,0.0322282620951049,0.0284700105879557,0.0298241903453786,0.0268227339112591,0.1313489140943559,0.0229630200970076,6327500.011967833,2.3,0,종합소매점/연료판매/차량판매
화성시_F_8,202501,9720497943.0,234500.0,41452.01681449894,0.3430850953073168,0.0751983556127734,0.1077848311160151,0.0539031046060967,0.0911401172924943,0.1461489050862182,0.0509429261285069,0.011000179640034,0.0320737105711722,0.0296289587364948,0.0450000543634275,0.0140937615394496,529226.1320176991,45.2,4,종합소매점/제조/도매/일반병원
화성시_M_5,202501,138611019574.0,3733999.0,37121.33280539175,0.2986380054311174,0.1586388568067948,0.0841266301846407,0.0707192757404528,0.0407936913272417,0.0827215851774068,0.0318463222121591,0.0271666549413568,0.0365680317505312,0.0300621759644927,0.1074822967128568,0.0312364737509487,7555593.307857699,0.5,0,종합소매점/연료판매/차량판매
화성시_F_4,202501,60738117343.0,1656652.0,36663.17207415921,0.3089303243014339,0.0873578176047126,0.1606716200204615,0.0615242975191554,0.0462372619750003,0.0752497735896762,0.045265612541681,0.0118109749652322,0.0450235797174907,0.0382252107228789,0.0945610676983676,0.0251424593439093,3385164.9673020667,11.9,0,종합소매점/일반병원/차량판매
화성시_F_2,202501,288360673.0,35866.0,8039.945156973178,0.5504723739061685,0.007980410745499,0.0479477318792705,0.1490864113496059,0.0244749908713261,0.0269602163055877,0.0612245176531397,0.0066603509118192,0.0088668206525823,0.0713914539164926,0.0001045323318182,0.0448301894766898,17506.00680467124,75.3,2,종합소매점/한식/의복/의류
화성시_M_2,202501,396110120.0,50597.0,7828.727394904836,0.5566701344366956,0.0391209729993523,0.0384744552359901,0.132815934666791,0.0408512953807511,0.0111019234529292,0.0288011054702754,0.0071531399919788,0.017749079960558,0.0617390023468054,0.0,0.0655229560578727,23473.822544240997,72.1,2,종합소매점/한식/고기요리
화성시_M_10,202501,56835668.0,1868.0,30425.946466809422,0.4054258864167148,0.0523344977932855,0.1482136420563045,0.1067140210080926,0.059119939700625,0.0162639818687434,0.0887600056722279,0.0275937029607793,0.017848621791508,0.0446007263024982,0.000387370108136,0.0327376043210843,3222.0202109031475,85.8,1,종합소매점/일반병원/한식
화성시_F_11,202501,430463.0,6.0,71743.83333333333,1.0,0.0,0.0,0.0,0.0,0.0,0.0,0.0,0.0,0.0,0.0,0.0,21.52315,95.9,1,종합소매점/연료판매/일반병원
